DELETE FROM User;
DELETE FROM Ad;
DELETE FROM Announcement;
DELETE FROM Channel;
DELETE FROM Replies;
DELETE FROM Comment;
DELETE FROM MonetizedVideo;
DELETE FROM Playlist;
DELETE FROM PlaylistVideos;
DELETE FROM PromotingEntity;
DELETE FROM Recommended;
DELETE FROM Subscribes;
DELETE FROM Tag;
DELETE FROM TagChannel;
DELETE FROM TagVideo;
DELETE FROM ViewVideo;
DELETE FROM PlayingAd;
DELETE FROM Video;


insert into User (ID, email, name, password, history_active, monthly_subscription) values (1, 'eseakin0@wufoo.com', 'Eadith', 'ITJnwj', 1, 0);
insert into User (ID, email, name, password, history_active, monthly_subscription) values (2, 'rhengoed1@oracle.com', 'Rebecka', 'yrogdC7', 1, 0);
insert into User (ID, email, name, password, history_active, monthly_subscription) values (3, 'lsirett2@storify.com', 'Lorrayne', 'mO64egrIfP', 1, 0);
insert into User (ID, email, name, password, history_active, monthly_subscription) values (4, 'ahemphall3@cornell.edu', 'Alfy', 'DkpRQkd7Rz', 0, 71.93);
insert into User (ID, email, name, password, history_active, monthly_subscription) values (5, 'aperl4@alexa.com', 'Anthea', 'LCQkHlZpqMg', 0, 4.89);
insert into User (ID, email, name, password, history_active, monthly_subscription) values (6, 'apinnocke5@va.gov', 'Anthe', 'NCIdZ5xu', 0, 49.8);
insert into User (ID, email, name, password, history_active, monthly_subscription) values (7, 'lhirche6@nationalgeographic.com', 'Lyndsay', 'xWUSsWb', 1, 0);
insert into User (ID, email, name, password, history_active, monthly_subscription) values (8, 'kmaffeo7@google.co.jp', 'Kelcey', 'o0kEk61', 0, 77.62);
insert into User (ID, email, name, password, history_active, monthly_subscription) values (9, 'bgyer8@businessinsider.com', 'Billy', 'SKyXfDVDR7', 0, 34.96);
insert into User (ID, email, name, password, history_active, monthly_subscription) values (10, 'trolstone9@jiathis.com', 'Tiler', 'kpEFRiXDB', 1, 15.51);
insert into User (ID, email, name, password, history_active, monthly_subscription) values (11, 'strumpetera@cornell.edu', 'Seward', 'NOG8v291Nyg', 0, 0);
insert into User (ID, email, name, password, history_active, monthly_subscription) values (12, 'bmeijerb@un.org', 'Bren', 'A7QbhFxLOV2', 1, 0);
insert into User (ID, email, name, password, history_active, monthly_subscription) values (13, 'aoleksinskic@blog.com', 'Alice', 'yaWplKyM', 0, 75.02);
insert into User (ID, email, name, password, history_active, monthly_subscription) values (14, 'dcaserid@tripod.com', 'Dollie', 'WjccxggW', 0, 94.64);
insert into User (ID, email, name, password, history_active, monthly_subscription) values (15, 'bgolsworthye@unicef.org', 'Broddie', 'sREYwFe', 0, 28.99);
insert into User (ID, email, name, password, history_active, monthly_subscription) values (16, 'mgeffingerf@ed.gov', 'Malva', 'gXrdBybK9j', 0, 48.26);
insert into User (ID, email, name, password, history_active, monthly_subscription) values (17, 'braulstong@stanford.edu', 'Brianne', '8knprj8B', 1, 93.66);
insert into User (ID, email, name, password, history_active, monthly_subscription) values (18, 'xgaulerh@tumblr.com', 'Xever', 'iGbqZFPLMtn', 1, 98.94);
insert into User (ID, email, name, password, history_active, monthly_subscription) values (19, 'raguilari@slideshare.net', 'Rancell', 'i7SWP4IPMx9', 0, 19.31);
insert into User (ID, email, name, password, history_active, monthly_subscription) values (20, 'svreibergj@odnoklassniki.ru', 'Sianna', 'BdULryaipy', 0, 0);
insert into User (ID, email, name, password, history_active, monthly_subscription) values (21, 'gblackfordk@woothemes.com', 'Galina', 'MdnxRsp', 1, 0);
insert into User (ID, email, name, password, history_active, monthly_subscription) values (22, 'ksemirazl@ucsd.edu', 'Kin', '44vjvzthfc', 0, 28.38);
insert into User (ID, email, name, password, history_active, monthly_subscription) values (23, 'yhallihanem@wiley.com', 'Yuma', 'Ni5rOI1zqc0', 1, 0);
insert into User (ID, email, name, password, history_active, monthly_subscription) values (24, 'agalean@blogspot.com', 'Aigneis', 'eDm6tYJ4p', 0, 0);
insert into User (ID, email, name, password, history_active, monthly_subscription) values (25, 'btryo@alexa.com', 'Berky', 'jo5NQNDfu6', 0, 77.12);
insert into User (ID, email, name, password, history_active, monthly_subscription) values (26, 'tmanthroppep@tuttocitta.it', 'Tawnya', 'uYOjN6mmtRg', 1, 10.2);
insert into User (ID, email, name, password, history_active, monthly_subscription) values (27, 'ctheuffq@topsy.com', 'Crichton', 'e2JHCFxY', 1, 77.47);
insert into User (ID, email, name, password, history_active, monthly_subscription) values (28, 'idrewer@domainmarket.com', 'Ida', 'jttg5gF', 1, 45.13);
insert into User (ID, email, name, password, history_active, monthly_subscription) values (29, 'mormess@amazon.com', 'Minni', '27Sl8QG', 1, 95.49);
insert into User (ID, email, name, password, history_active, monthly_subscription) values (30, 'fapplewhitet@sphinn.com', 'Farica', 'dFq7VqZcspNG', 1, 19.63);
insert into User (ID, email, name, password, history_active, monthly_subscription) values (31, 'sbodycombeu@arizona.edu', 'Sadie', 'w7jpXOlqxFBX', 1, 0);
insert into User (ID, email, name, password, history_active, monthly_subscription) values (32, 'vshovellerv@theatlantic.com', 'Vivienne', 'NMGeWrUEqGw', 1, 64.69);
insert into User (ID, email, name, password, history_active, monthly_subscription) values (33, 'tmylesw@cnn.com', 'Tanny', 'C2UUjVUdqgt', 1, 31.51);
insert into User (ID, email, name, password, history_active, monthly_subscription) values (34, 'amcgawx@tripadvisor.com', 'Atlanta', 'jE1z3qaimN', 1, 79.67);
insert into User (ID, email, name, password, history_active, monthly_subscription) values (35, 'cmerity@samsung.com', 'Celie', 'LLE41DArS0', 0, 43.27);
insert into User (ID, email, name, password, history_active, monthly_subscription) values (36, 'mperviewz@intel.com', 'Maddie', 'MyrIFCFdw', 0, 0);
insert into User (ID, email, name, password, history_active, monthly_subscription) values (37, 'glaughtisse10@vk.com', 'Garnette', 'zQRBxu', 1, 24.27);
insert into User (ID, email, name, password, history_active, monthly_subscription) values (38, 'jbrame11@infoseek.co.jp', 'Jon', 'WUfFGn9', 1, 8.3);
insert into User (ID, email, name, password, history_active, monthly_subscription) values (39, 'naysik12@studiopress.com', 'Nate', 'cS3Se3cX', 1, 0);
insert into User (ID, email, name, password, history_active, monthly_subscription) values (40, 'mstampfer13@ted.com', 'Marne', 'Z2EMUca1jS5', 0, 99.8);
insert into User (ID, email, name, password, history_active, monthly_subscription) values (41, 'aabercromby14@fc2.com', 'Anatollo', 'YsjKAmwzhsSB', 1, 74.72);
insert into User (ID, email, name, password, history_active, monthly_subscription) values (42, 'bjardein15@ning.com', 'Brok', 'hfJVc0AnQ2', 0, 1.4);
insert into User (ID, email, name, password, history_active, monthly_subscription) values (43, 'ghellmer16@bbb.org', 'Goldina', 'zTMNiLZA', 1, 14.21);
insert into User (ID, email, name, password, history_active, monthly_subscription) values (44, 'nknibley17@jugem.jp', 'Neille', 'VW3pj76kE', 1, 40.13);
insert into User (ID, email, name, password, history_active, monthly_subscription) values (45, 'dpeery18@va.gov', 'Danya', 'TzrlApBNeGpW', 0, 0);
insert into User (ID, email, name, password, history_active, monthly_subscription) values (46, 'mmundow19@exblog.jp', 'Mortie', 'lOjeAHv3Curm', 0, 0);
insert into User (ID, email, name, password, history_active, monthly_subscription) values (47, 'gvandevelde1a@stumbleupon.com', 'Gleda', 'rMkrQdXvhfqV', 1, 0.69);
insert into User (ID, email, name, password, history_active, monthly_subscription) values (48, 'aharrison1b@aboutads.info', 'Aimil', 'JNMBXkfo2K8C', 1, 0);
insert into User (ID, email, name, password, history_active, monthly_subscription) values (49, 'owhorton1c@free.fr', 'Olive', '9zpsY8anfL', 1, 49.4);
insert into User (ID, email, name, password, history_active, monthly_subscription) values (50, 'rbaudic1d@google.com.au', 'Roxie', 'ww9nAW2', 0, 23.97);

insert into Tag (ID, name) values (1, 'integer');
insert into Tag (ID, name) values (2, 'erat');
insert into Tag (ID, name) values (3, 'lacus');
insert into Tag (ID, name) values (4, 'mus');
insert into Tag (ID, name) values (5, 'rhoncus');
insert into Tag (ID, name) values (6, 'mauris');
insert into Tag (ID, name) values (7, 'tempus');
insert into Tag (ID, name) values (8, 'etiam');
insert into Tag (ID, name) values (9, 'nibh');
insert into Tag (ID, name) values (10, 'sem');
insert into Tag (ID, name) values (11, 'integer');
insert into Tag (ID, name) values (12, 'adipiscing');
insert into Tag (ID, name) values (13, 'diam');
insert into Tag (ID, name) values (14, 'augue');
insert into Tag (ID, name) values (15, 'sit');
insert into Tag (ID, name) values (16, 'ante');
insert into Tag (ID, name) values (17, 'cursus');
insert into Tag (ID, name) values (18, 'donec');
insert into Tag (ID, name) values (19, 'erat');
insert into Tag (ID, name) values (20, 'tincidunt');
insert into Tag (ID, name) values (21, 'dui');
insert into Tag (ID, name) values (22, 'lobortis');
insert into Tag (ID, name) values (23, 'nam');
insert into Tag (ID, name) values (24, 'pulvinar');
insert into Tag (ID, name) values (25, 'ullamcorper');
insert into Tag (ID, name) values (26, 'in');
insert into Tag (ID, name) values (27, 'tortor');
insert into Tag (ID, name) values (28, 'lobortis');
insert into Tag (ID, name) values (29, 'dis');
insert into Tag (ID, name) values (30, 'pellentesque');
insert into Tag (ID, name) values (31, 'lobortis');
insert into Tag (ID, name) values (32, 'in');
insert into Tag (ID, name) values (33, 'feugiat');
insert into Tag (ID, name) values (34, 'curae');
insert into Tag (ID, name) values (35, 'nibh');
insert into Tag (ID, name) values (36, 'justo');
insert into Tag (ID, name) values (37, 'ligula');
insert into Tag (ID, name) values (38, 'nunc');
insert into Tag (ID, name) values (39, 'mauris');
insert into Tag (ID, name) values (40, 'augue');
insert into Tag (ID, name) values (41, 'ultrices');
insert into Tag (ID, name) values (42, 'in');
insert into Tag (ID, name) values (43, 'ligula');
insert into Tag (ID, name) values (44, 'nibh');
insert into Tag (ID, name) values (45, 'sem');
insert into Tag (ID, name) values (46, 'vestibulum');
insert into Tag (ID, name) values (47, 'rhoncus');
insert into Tag (ID, name) values (48, 'pede');
insert into Tag (ID, name) values (49, 'tincidunt');
insert into Tag (ID, name) values (50, 'habitasse');
insert into Tag (ID, name) values (51, 'rutrum');
insert into Tag (ID, name) values (52, 'aliquam');
insert into Tag (ID, name) values (53, 'sodales');
insert into Tag (ID, name) values (54, 'nec');
insert into Tag (ID, name) values (55, 'magnis');
insert into Tag (ID, name) values (56, 'felis');
insert into Tag (ID, name) values (57, 'justo');
insert into Tag (ID, name) values (58, 'quis');
insert into Tag (ID, name) values (59, 'auctor');
insert into Tag (ID, name) values (60, 'sed');
insert into Tag (ID, name) values (61, 'non');
insert into Tag (ID, name) values (62, 'cubilia');
insert into Tag (ID, name) values (63, 'rutrum');
insert into Tag (ID, name) values (64, 'amet');
insert into Tag (ID, name) values (65, 'in');
insert into Tag (ID, name) values (66, 'ultrices');
insert into Tag (ID, name) values (67, 'nisi');
insert into Tag (ID, name) values (68, 'arcu');
insert into Tag (ID, name) values (69, 'odio');
insert into Tag (ID, name) values (70, 'at');
insert into Tag (ID, name) values (71, 'rutrum');
insert into Tag (ID, name) values (72, 'odio');
insert into Tag (ID, name) values (73, 'erat');
insert into Tag (ID, name) values (74, 'dolor');
insert into Tag (ID, name) values (75, 'augue');
insert into Tag (ID, name) values (76, 'pellentesque');
insert into Tag (ID, name) values (77, 'nisi');
insert into Tag (ID, name) values (78, 'facilisi');
insert into Tag (ID, name) values (79, 'in');
insert into Tag (ID, name) values (80, 'lacus');


insert into Channel (ID, URL, number_of_subscribers, number_of_views, avatar, channel_art, description, creation_date, userID) values (1, 'www.bdadTube.com/1', 0, 0, 'http://dummyimage.com/113x126.png/cc0000/ffffff', 'http://dummyimage.com/235x203.bmp/5fa2dd/ffffff', 'eget congue eget semper rutrum nulla nunc purus phasellus in', '16/02/2020', 1);
insert into Channel (ID, URL, number_of_subscribers, number_of_views, avatar, channel_art, description, creation_date, userID) values (2, 'www.bdadTube.com/2', 0, 0, 'http://dummyimage.com/199x159.bmp/ff4444/ffffff', 'http://dummyimage.com/186x134.bmp/5fa2dd/ffffff', 'tristique in tempus sit amet sem fusce consequat nulla nisl', '23/03/2020', 2);
insert into Channel (ID, URL, number_of_subscribers, number_of_views, avatar, channel_art, description, creation_date, userID) values (3, 'www.bdadTube.com/3', 0, 0, 'http://dummyimage.com/238x243.bmp/5fa2dd/ffffff', 'http://dummyimage.com/226x120.png/5fa2dd/ffffff', 'eget semper rutrum nulla nunc purus phasellus in felis donec', '30/05/2019', 3);
insert into Channel (ID, URL, number_of_subscribers, number_of_views, avatar, channel_art, description, creation_date, userID) values (4, 'www.bdadTube.com/4', 0, 0, 'http://dummyimage.com/221x194.png/5fa2dd/ffffff', 'http://dummyimage.com/133x187.jpg/cc0000/ffffff', 'dictumst morbi vestibulum velit id pretium iaculis diam erat fermentum', '20/07/2017', 4);
insert into Channel (ID, URL, number_of_subscribers, number_of_views, avatar, channel_art, description, creation_date, userID) values (5, 'www.bdadTube.com/5', 0, 0, 'http://dummyimage.com/127x109.jpg/cc0000/ffffff', 'http://dummyimage.com/199x125.jpg/5fa2dd/ffffff', 'integer pede justo lacinia eget tincidunt eget tempus vel pede', '19/12/2019', 5);
insert into Channel (ID, URL, number_of_subscribers, number_of_views, avatar, channel_art, description, creation_date, userID) values (6, 'www.bdadTube.com/6', 0, 0, 'http://dummyimage.com/211x212.bmp/ff4444/ffffff', 'http://dummyimage.com/106x118.bmp/dddddd/000000', 'tempus semper est quam pharetra magna ac consequat metus sapien', '12/07/2019', 6);
insert into Channel (ID, URL, number_of_subscribers, number_of_views, avatar, channel_art, description, creation_date, userID) values (7, 'www.bdadTube.com/7', 0, 0, 'http://dummyimage.com/196x121.png/ff4444/ffffff', 'http://dummyimage.com/109x115.bmp/ff4444/ffffff', 'congue risus semper porta volutpat quam pede lobortis ligula sit', '11/01/2018', 7);
insert into Channel (ID, URL, number_of_subscribers, number_of_views, avatar, channel_art, description, creation_date, userID) values (8, 'www.bdadTube.com/8', 0, 0, 'http://dummyimage.com/168x178.png/cc0000/ffffff', 'http://dummyimage.com/241x165.jpg/ff4444/ffffff', 'quam a odio in hac habitasse platea dictumst maecenas ut', '28/10/2018', 8);
insert into Channel (ID, URL, number_of_subscribers, number_of_views, avatar, channel_art, description, creation_date, userID) values (9, 'www.bdadTube.com/9', 0, 0, 'http://dummyimage.com/134x192.png/ff4444/ffffff', 'http://dummyimage.com/225x230.jpg/ff4444/ffffff', 'viverra eget congue eget semper rutrum nulla nunc purus phasellus', '24/08/2019', 9);
insert into Channel (ID, URL, number_of_subscribers, number_of_views, avatar, channel_art, description, creation_date, userID) values (10, 'www.bdadTube.com/10', 0, 0, 'http://dummyimage.com/186x186.jpg/dddddd/000000', 'http://dummyimage.com/151x123.png/5fa2dd/ffffff', 'condimentum curabitur in libero ut massa volutpat convallis morbi odio', '22/01/2020', 10);
insert into Channel (ID, URL, number_of_subscribers, number_of_views, avatar, channel_art, description, creation_date, userID) values (11, 'www.bdadTube.com/11', 0, 0, 'http://dummyimage.com/109x126.png/ff4444/ffffff', 'http://dummyimage.com/196x152.bmp/dddddd/000000', 'sollicitudin ut suscipit a feugiat et eros vestibulum ac est', '21/11/2019', 11);
insert into Channel (ID, URL, number_of_subscribers, number_of_views, avatar, channel_art, description, creation_date, userID) values (12, 'www.bdadTube.com/12', 0, 0, 'http://dummyimage.com/133x233.png/cc0000/ffffff', 'http://dummyimage.com/185x103.bmp/cc0000/ffffff', 'dui luctus rutrum nulla tellus in sagittis dui vel nisl', '11/03/2019', 12);
insert into Channel (ID, URL, number_of_subscribers, number_of_views, avatar, channel_art, description, creation_date, userID) values (13, 'www.bdadTube.com/13', 0, 0, 'http://dummyimage.com/120x172.bmp/5fa2dd/ffffff', 'http://dummyimage.com/150x163.bmp/ff4444/ffffff', 'nunc proin at turpis a pede posuere nonummy integer non', '03/10/2017', 13);
insert into Channel (ID, URL, number_of_subscribers, number_of_views, avatar, channel_art, description, creation_date, userID) values (14, 'www.bdadTube.com/14', 0, 0, 'http://dummyimage.com/207x117.jpg/5fa2dd/ffffff', 'http://dummyimage.com/186x237.bmp/ff4444/ffffff', 'non mi integer ac neque duis bibendum morbi non quam', '20/05/2018', 14);
insert into Channel (ID, URL, number_of_subscribers, number_of_views, avatar, channel_art, description, creation_date, userID) values (15, 'www.bdadTube.com/15', 0, 0, 'http://dummyimage.com/118x232.png/dddddd/000000', 'http://dummyimage.com/214x227.jpg/ff4444/ffffff', 'donec semper sapien a libero nam dui proin leo odio', '10/02/2019', 15);
insert into Channel (ID, URL, number_of_subscribers, number_of_views, avatar, channel_art, description, creation_date, userID) values (16, 'www.bdadTube.com/16', 0, 0, 'http://dummyimage.com/184x127.jpg/5fa2dd/ffffff', 'http://dummyimage.com/232x231.jpg/ff4444/ffffff', 'rutrum neque aenean auctor gravida sem praesent id massa id', '27/01/2018', 16);
insert into Channel (ID, URL, number_of_subscribers, number_of_views, avatar, channel_art, description, creation_date, userID) values (17, 'www.bdadTube.com/17', 0, 0, 'http://dummyimage.com/156x175.png/cc0000/ffffff', 'http://dummyimage.com/207x183.jpg/5fa2dd/ffffff', 'est lacinia nisi venenatis tristique fusce congue diam id ornare', '26/08/2019', 17);
insert into Channel (ID, URL, number_of_subscribers, number_of_views, avatar, channel_art, description, creation_date, userID) values (18, 'www.bdadTube.com/18', 0, 0, 'http://dummyimage.com/125x219.png/cc0000/ffffff', 'http://dummyimage.com/155x155.bmp/5fa2dd/ffffff', 'quisque arcu libero rutrum ac lobortis vel dapibus at diam', '07/10/2017', 18);
insert into Channel (ID, URL, number_of_subscribers, number_of_views, avatar, channel_art, description, creation_date, userID) values (19, 'www.bdadTube.com/19', 0, 0, 'http://dummyimage.com/111x106.bmp/cc0000/ffffff', 'http://dummyimage.com/229x151.jpg/5fa2dd/ffffff', 'viverra diam vitae quam suspendisse potenti nullam porttitor lacus at', '12/06/2017', 19);
insert into Channel (ID, URL, number_of_subscribers, number_of_views, avatar, channel_art, description, creation_date, userID) values (20, 'www.bdadTube.com/20', 0, 0, 'http://dummyimage.com/105x116.jpg/ff4444/ffffff', 'http://dummyimage.com/153x112.bmp/ff4444/ffffff', 'posuere cubilia curae duis faucibus accumsan odio curabitur convallis duis', '09/08/2017', 20);
insert into Channel (ID, URL, number_of_subscribers, number_of_views, avatar, channel_art, description, creation_date, userID) values (21, 'www.bdadTube.com/21', 0, 0, 'http://dummyimage.com/114x201.jpg/ff4444/ffffff', 'http://dummyimage.com/233x148.bmp/5fa2dd/ffffff', 'libero nullam sit amet turpis elementum ligula vehicula consequat morbi', '10/05/2018', 21);
insert into Channel (ID, URL, number_of_subscribers, number_of_views, avatar, channel_art, description, creation_date, userID) values (22, 'www.bdadTube.com/22', 0, 0, 'http://dummyimage.com/235x203.jpg/dddddd/000000', 'http://dummyimage.com/175x196.png/ff4444/ffffff', 'eget tempus vel pede morbi porttitor lorem id ligula suspendisse', '18/08/2019', 22);
insert into Channel (ID, URL, number_of_subscribers, number_of_views, avatar, channel_art, description, creation_date, userID) values (23, 'www.bdadTube.com/23', 0, 0, 'http://dummyimage.com/177x232.bmp/dddddd/000000', 'http://dummyimage.com/108x157.png/dddddd/000000', 'nulla integer pede justo lacinia eget tincidunt eget tempus vel', '12/11/2019', 23);
insert into Channel (ID, URL, number_of_subscribers, number_of_views, avatar, channel_art, description, creation_date, userID) values (24, 'www.bdadTube.com/24', 0, 0, 'http://dummyimage.com/206x188.jpg/cc0000/ffffff', 'http://dummyimage.com/192x238.bmp/cc0000/ffffff', 'vestibulum sed magna at nunc commodo placerat praesent blandit nam', '11/01/2018', 24);
insert into Channel (ID, URL, number_of_subscribers, number_of_views, avatar, channel_art, description, creation_date, userID) values (25, 'www.bdadTube.com/25', 0, 0, 'http://dummyimage.com/108x231.png/ff4444/ffffff', 'http://dummyimage.com/113x111.bmp/cc0000/ffffff', 'non sodales sed tincidunt eu felis fusce posuere felis sed', '12/12/2017', 25);
insert into Channel (ID, URL, number_of_subscribers, number_of_views, avatar, channel_art, description, creation_date, userID) values (26, 'www.bdadTube.com/26', 0, 0, 'http://dummyimage.com/217x178.png/5fa2dd/ffffff', 'http://dummyimage.com/182x135.png/5fa2dd/ffffff', 'maecenas tincidunt lacus at velit vivamus vel nulla eget eros', '27/10/2019', 26);
insert into Channel (ID, URL, number_of_subscribers, number_of_views, avatar, channel_art, description, creation_date, userID) values (27, 'www.bdadTube.com/27', 0, 0, 'http://dummyimage.com/134x202.bmp/ff4444/ffffff', 'http://dummyimage.com/162x101.png/5fa2dd/ffffff', 'sed vestibulum sit amet cursus id turpis integer aliquet massa', '03/10/2017', 27);
insert into Channel (ID, URL, number_of_subscribers, number_of_views, avatar, channel_art, description, creation_date, userID) values (28, 'www.bdadTube.com/28', 0, 0, 'http://dummyimage.com/201x145.png/dddddd/000000', 'http://dummyimage.com/121x230.png/dddddd/000000', 'lobortis est phasellus sit amet erat nulla tempus vivamus in', '04/12/2017', 28);
insert into Channel (ID, URL, number_of_subscribers, number_of_views, avatar, channel_art, description, creation_date, userID) values (29, 'www.bdadTube.com/29', 0, 0, 'http://dummyimage.com/213x200.png/5fa2dd/ffffff', 'http://dummyimage.com/178x156.jpg/dddddd/000000', 'sem fusce consequat nulla nisl nunc nisl duis bibendum felis', '31/12/2018', 29);
insert into Channel (ID, URL, number_of_subscribers, number_of_views, avatar, channel_art, description, creation_date, userID) values (30, 'www.bdadTube.com/30', 0, 0, 'http://dummyimage.com/225x217.bmp/5fa2dd/ffffff', 'http://dummyimage.com/246x231.jpg/dddddd/000000', 'duis aliquam convallis nunc proin at turpis a pede posuere', '15/05/2019', 30);
insert into Channel (ID, URL, number_of_subscribers, number_of_views, avatar, channel_art, description, creation_date, userID) values (31, 'www.bdadTube.com/31', 0, 0, 'http://dummyimage.com/216x181.png/5fa2dd/ffffff', 'http://dummyimage.com/129x156.jpg/dddddd/000000', 'justo sollicitudin ut suscipit a feugiat et eros vestibulum ac', '02/03/2020', 31);
insert into Channel (ID, URL, number_of_subscribers, number_of_views, avatar, channel_art, description, creation_date, userID) values (32, 'www.bdadTube.com/32', 0, 0, 'http://dummyimage.com/168x145.jpg/ff4444/ffffff', 'http://dummyimage.com/249x198.jpg/cc0000/ffffff', 'ultricies eu nibh quisque id justo sit amet sapien dignissim', '06/04/2020', 32);
insert into Channel (ID, URL, number_of_subscribers, number_of_views, avatar, channel_art, description, creation_date, userID) values (33, 'www.bdadTube.com/33', 0, 0, 'http://dummyimage.com/232x204.jpg/ff4444/ffffff', 'http://dummyimage.com/130x188.png/dddddd/000000', 'posuere metus vitae ipsum aliquam non mauris morbi non lectus', '27/07/2018', 33);
insert into Channel (ID, URL, number_of_subscribers, number_of_views, avatar, channel_art, description, creation_date, userID) values (34, 'www.bdadTube.com/34', 0, 0, 'http://dummyimage.com/103x162.bmp/5fa2dd/ffffff', 'http://dummyimage.com/198x144.bmp/5fa2dd/ffffff', 'nascetur ridiculus mus etiam vel augue vestibulum rutrum rutrum neque', '05/09/2018', 34);
insert into Channel (ID, URL, number_of_subscribers, number_of_views, avatar, channel_art, description, creation_date, userID) values (35, 'www.bdadTube.com/35', 0, 0, 'http://dummyimage.com/100x220.png/ff4444/ffffff', 'http://dummyimage.com/222x170.bmp/5fa2dd/ffffff', 'magnis dis parturient montes nascetur ridiculus mus vivamus vestibulum sagittis', '03/04/2020', 35);
insert into Channel (ID, URL, number_of_subscribers, number_of_views, avatar, channel_art, description, creation_date, userID) values (36, 'www.bdadTube.com/36', 0, 0, 'http://dummyimage.com/246x183.bmp/5fa2dd/ffffff', 'http://dummyimage.com/121x125.bmp/5fa2dd/ffffff', 'ante ipsum primis in faucibus orci luctus et ultrices posuere', '16/11/2018', 36);
insert into Channel (ID, URL, number_of_subscribers, number_of_views, avatar, channel_art, description, creation_date, userID) values (37, 'www.bdadTube.com/37', 0, 0, 'http://dummyimage.com/247x207.jpg/dddddd/000000', 'http://dummyimage.com/197x141.png/ff4444/ffffff', 'rhoncus mauris enim leo rhoncus sed vestibulum sit amet cursus', '15/01/2020', 37);
insert into Channel (ID, URL, number_of_subscribers, number_of_views, avatar, channel_art, description, creation_date, userID) values (38, 'www.bdadTube.com/38', 0, 0, 'http://dummyimage.com/230x152.jpg/5fa2dd/ffffff', 'http://dummyimage.com/161x196.bmp/ff4444/ffffff', 'vulputate luctus cum sociis natoque penatibus et magnis dis parturient', '23/08/2019', 38);
insert into Channel (ID, URL, number_of_subscribers, number_of_views, avatar, channel_art, description, creation_date, userID) values (39, 'www.bdadTube.com/39', 0, 0, 'http://dummyimage.com/150x207.jpg/5fa2dd/ffffff', 'http://dummyimage.com/134x125.jpg/cc0000/ffffff', 'sit amet justo morbi ut odio cras mi pede malesuada', '27/09/2017', 39);
insert into Channel (ID, URL, number_of_subscribers, number_of_views, avatar, channel_art, description, creation_date, userID) values (40, 'www.bdadTube.com/40', 0, 0, 'http://dummyimage.com/239x166.bmp/cc0000/ffffff', 'http://dummyimage.com/231x203.bmp/dddddd/000000', 'ipsum primis in faucibus orci luctus et ultrices posuere cubilia', '02/11/2017', 40);
insert into Channel (ID, URL, number_of_subscribers, number_of_views, avatar, channel_art, description, creation_date, userID) values (41, 'www.bdadTube.com/41', 0, 0, 'http://dummyimage.com/162x179.png/ff4444/ffffff', 'http://dummyimage.com/248x175.png/cc0000/ffffff', 'tortor sollicitudin mi sit amet lobortis sapien sapien non mi', '14/09/2018', 41);
insert into Channel (ID, URL, number_of_subscribers, number_of_views, avatar, channel_art, description, creation_date, userID) values (42, 'www.bdadTube.com/42', 0, 0, 'http://dummyimage.com/211x141.png/5fa2dd/ffffff', 'http://dummyimage.com/250x196.bmp/dddddd/000000', 'vivamus metus arcu adipiscing molestie hendrerit at vulputate vitae nisl', '28/06/2017', 42);
insert into Channel (ID, URL, number_of_subscribers, number_of_views, avatar, channel_art, description, creation_date, userID) values (43, 'www.bdadTube.com/43', 0, 0, 'http://dummyimage.com/138x152.jpg/ff4444/ffffff', 'http://dummyimage.com/245x146.bmp/ff4444/ffffff', 'nec condimentum neque sapien placerat ante nulla justo aliquam quis', '07/04/2019', 43);
insert into Channel (ID, URL, number_of_subscribers, number_of_views, avatar, channel_art, description, creation_date, userID) values (44, 'www.bdadTube.com/44', 0, 0, 'http://dummyimage.com/135x221.jpg/ff4444/ffffff', 'http://dummyimage.com/147x118.bmp/5fa2dd/ffffff', 'turpis donec posuere metus vitae ipsum aliquam non mauris morbi', '05/08/2018', 44);
insert into Channel (ID, URL, number_of_subscribers, number_of_views, avatar, channel_art, description, creation_date, userID) values (45, 'www.bdadTube.com/45', 0, 0, 'http://dummyimage.com/211x225.bmp/dddddd/000000', 'http://dummyimage.com/160x162.jpg/dddddd/000000', 'ac diam cras pellentesque volutpat dui maecenas tristique est et', '28/05/2018', 45);
insert into Channel (ID, URL, number_of_subscribers, number_of_views, avatar, channel_art, description, creation_date, userID) values (46, 'www.bdadTube.com/46', 0, 0, 'http://dummyimage.com/103x203.jpg/5fa2dd/ffffff', 'http://dummyimage.com/177x209.png/5fa2dd/ffffff', 'nullam sit amet turpis elementum ligula vehicula consequat morbi a', '17/08/2018', 46);
insert into Channel (ID, URL, number_of_subscribers, number_of_views, avatar, channel_art, description, creation_date, userID) values (47, 'www.bdadTube.com/47', 0, 0, 'http://dummyimage.com/176x203.png/cc0000/ffffff', 'http://dummyimage.com/108x133.png/cc0000/ffffff', 'vitae ipsum aliquam non mauris morbi non lectus aliquam sit', '15/02/2020', 47);
insert into Channel (ID, URL, number_of_subscribers, number_of_views, avatar, channel_art, description, creation_date, userID) values (48, 'www.bdadTube.com/48', 0, 0, 'http://dummyimage.com/106x196.jpg/ff4444/ffffff', 'http://dummyimage.com/171x214.jpg/5fa2dd/ffffff', 'convallis nulla neque libero convallis eget eleifend luctus ultricies eu', '22/08/2018', 48);
insert into Channel (ID, URL, number_of_subscribers, number_of_views, avatar, channel_art, description, creation_date, userID) values (49, 'www.bdadTube.com/49', 0, 0, 'http://dummyimage.com/102x155.jpg/dddddd/000000', 'http://dummyimage.com/162x230.png/cc0000/ffffff', 'porttitor id consequat in consequat ut nulla sed accumsan felis', '08/08/2018', 49);
insert into Channel (ID, URL, number_of_subscribers, number_of_views, avatar, channel_art, description, creation_date, userID) values (50, 'www.bdadTube.com/50', 0, 0, 'http://dummyimage.com/209x183.bmp/cc0000/ffffff', 'http://dummyimage.com/247x124.jpg/dddddd/000000', 'nullam porttitor lacus at turpis donec posuere metus vitae ipsum', '20/06/2019', 50);


insert into Video (ID, URL, duration, title, thumbnail, description, uploadDate, IDchannel) values (1, 'www.bdadTube.com/video1', '0:14', 'sit', 'http://dummyimage.com/138x145.bmp/5fa2dd/ffffff', 'sem duis aliquam convallis nunc proin at turpis a pede', '30/07/2019', 28);
insert into Video (ID, URL, duration, title, thumbnail, description, uploadDate, IDchannel) values (2, 'www.bdadTube.com/video2', '0:28', 'neque', 'http://dummyimage.com/144x194.bmp/5fa2dd/ffffff', 'at nibh in hac habitasse platea dictumst aliquam augue quam sollicitudin vitae consectetuer eget rutrum at lorem integer', '01/03/2019', 38);
insert into Video (ID, URL, duration, title, thumbnail, description, uploadDate, IDchannel) values (3, 'www.bdadTube.com/video3', '1:12', 'habitasse platea dictumst', 'http://dummyimage.com/120x186.bmp/ff4444/ffffff', 'mollis molestie lorem quisque ut erat curabitur gravida nisi at nibh in hac habitasse platea dictumst', '17/12/2018', 33);
insert into Video (ID, URL, duration, title, thumbnail, description, uploadDate, IDchannel) values (4, 'www.bdadTube.com/video4', '0:16', 'diam neque', 'http://dummyimage.com/241x184.jpg/cc0000/ffffff', 'id luctus nec molestie sed justo pellentesque viverra pede ac diam cras pellentesque volutpat dui', '29/12/2019', 45);
insert into Video (ID, URL, duration, title, thumbnail, description, uploadDate, IDchannel) values (5, 'www.bdadTube.com/video5', '0:25', 'consequat', 'http://dummyimage.com/118x226.png/5fa2dd/ffffff', 'rhoncus sed vestibulum sit amet cursus id turpis integer aliquet massa id lobortis convallis tortor risus dapibus augue vel accumsan tellus nisi eu orci', '09/03/2019', 23);
insert into Video (ID, URL, duration, title, thumbnail, description, uploadDate, IDchannel) values (6, 'www.bdadTube.com/video6', '0:48', 'eu magna vulputate', 'http://dummyimage.com/235x226.png/ff4444/ffffff', 'luctus et ultrices posuere cubilia curae duis faucibus accumsan odio curabitur convallis duis consequat dui nec nisi volutpat eleifend donec ut dolor morbi', '17/08/2018', 17);
insert into Video (ID, URL, duration, title, thumbnail, description, uploadDate, IDchannel) values (7, 'www.bdadTube.com/video7', '1:06', 'proin', 'http://dummyimage.com/117x192.bmp/5fa2dd/ffffff', 'consequat morbi a ipsum integer a nibh in quis justo maecenas rhoncus aliquam lacus morbi quis tortor id', '23/08/2019', 42);
insert into Video (ID, URL, duration, title, thumbnail, description, uploadDate, IDchannel) values (8, 'www.bdadTube.com/video8', '0:46', 'velit id', 'http://dummyimage.com/172x221.png/cc0000/ffffff', 'facilisi cras non velit nec nisi vulputate nonummy maecenas tincidunt lacus at velit vivamus vel nulla eget eros elementum pellentesque quisque porta', '16/04/2020', 39);
insert into Video (ID, URL, duration, title, thumbnail, description, uploadDate, IDchannel) values (9, 'www.bdadTube.com/video9', '0:32', 'at diam nam tristique', 'http://dummyimage.com/241x172.bmp/5fa2dd/ffffff', 'vitae mattis nibh ligula nec sem duis aliquam convallis nunc proin at turpis a pede posuere nonummy integer non velit donec diam neque vestibulum eget vulputate ut ultrices vel', '25/03/2019', 31);
insert into Video (ID, URL, duration, title, thumbnail, description, uploadDate, IDchannel) values (10, 'www.bdadTube.com/video10', '1:20', 'in est', 'http://dummyimage.com/196x223.bmp/dddddd/000000', 'amet nunc viverra dapibus nulla suscipit ligula in lacus curabitur at ipsum ac tellus semper interdum mauris ullamcorper purus sit amet nulla quisque', '03/04/2020', 48);
insert into Video (ID, URL, duration, title, thumbnail, description, uploadDate, IDchannel) values (11, 'www.bdadTube.com/video11', '0:16', 'vivamus', 'http://dummyimage.com/100x199.png/ff4444/ffffff', 'aliquam lacus morbi quis tortor id nulla ultrices aliquet maecenas leo odio condimentum id luctus nec molestie sed justo pellentesque viverra pede ac diam cras pellentesque', '18/01/2019', 18);
insert into Video (ID, URL, duration, title, thumbnail, description, uploadDate, IDchannel) values (12, 'www.bdadTube.com/video12', '0:58', 'dictumst', 'http://dummyimage.com/201x156.png/cc0000/ffffff', 'non velit donec diam neque vestibulum eget vulputate ut ultrices vel augue vestibulum ante ipsum primis in', '17/11/2018', 11);
insert into Video (ID, URL, duration, title, thumbnail, description, uploadDate, IDchannel) values (13, 'www.bdadTube.com/video13', '1:20', 'id massa', 'http://dummyimage.com/244x104.jpg/5fa2dd/ffffff', 'est congue elementum in hac habitasse platea dictumst morbi vestibulum velit id pretium iaculis diam', '25/08/2018', 18);
insert into Video (ID, URL, duration, title, thumbnail, description, uploadDate, IDchannel) values (14, 'www.bdadTube.com/video14', '1:01', 'amet consectetuer adipiscing elit', 'http://dummyimage.com/148x149.bmp/cc0000/ffffff', 'donec semper sapien a libero nam dui proin leo odio', '02/08/2018', 3);
insert into Video (ID, URL, duration, title, thumbnail, description, uploadDate, IDchannel) values (15, 'www.bdadTube.com/video15', '1:01', 'ut at', 'http://dummyimage.com/209x207.bmp/5fa2dd/ffffff', 'non velit nec nisi vulputate nonummy maecenas tincidunt lacus at velit vivamus vel nulla eget eros elementum pellentesque quisque porta volutpat erat quisque erat eros viverra eget congue', '12/08/2019', 47);
insert into Video (ID, URL, duration, title, thumbnail, description, uploadDate, IDchannel) values (16, 'www.bdadTube.com/video16', '0:51', 'maecenas ut massa quis augue', 'http://dummyimage.com/213x154.jpg/5fa2dd/ffffff', 'vehicula consequat morbi a ipsum integer a nibh in quis justo maecenas rhoncus aliquam lacus morbi quis tortor id nulla ultrices aliquet', '05/05/2020', 50);
insert into Video (ID, URL, duration, title, thumbnail, description, uploadDate, IDchannel) values (17, 'www.bdadTube.com/video17', '1:16', 'sed', 'http://dummyimage.com/169x248.png/5fa2dd/ffffff', 'mauris ullamcorper purus sit amet nulla quisque arcu libero rutrum ac lobortis vel', '26/08/2018', 18);
insert into Video (ID, URL, duration, title, thumbnail, description, uploadDate, IDchannel) values (18, 'www.bdadTube.com/video18', '1:17', 'eu massa donec dapibus duis', 'http://dummyimage.com/233x172.bmp/ff4444/ffffff', 'ligula pellentesque ultrices phasellus id sapien in sapien iaculis congue vivamus metus arcu adipiscing molestie hendrerit at vulputate vitae nisl aenean', '13/05/2019', 1);
insert into Video (ID, URL, duration, title, thumbnail, description, uploadDate, IDchannel) values (19, 'www.bdadTube.com/video19', '1:21', 'lectus aliquam sit amet', 'http://dummyimage.com/166x132.jpg/dddddd/000000', 'posuere cubilia curae nulla dapibus dolor vel est donec odio justo sollicitudin ut suscipit a feugiat et eros vestibulum ac est lacinia nisi venenatis tristique', '25/01/2020', 24);
insert into Video (ID, URL, duration, title, thumbnail, description, uploadDate, IDchannel) values (20, 'www.bdadTube.com/video20', '0:34', 'pulvinar sed nisl nunc rhoncus', 'http://dummyimage.com/155x138.png/5fa2dd/ffffff', 'turpis adipiscing lorem vitae mattis nibh ligula nec sem duis aliquam convallis nunc proin at turpis a pede posuere nonummy integer non velit donec diam neque vestibulum', '17/01/2019', 47);
insert into Video (ID, URL, duration, title, thumbnail, description, uploadDate, IDchannel) values (21, 'www.bdadTube.com/video21', '0:33', 'maecenas leo odio', 'http://dummyimage.com/147x217.png/5fa2dd/ffffff', 'donec semper sapien a libero nam dui proin leo odio porttitor id', '23/12/2018', 42);
insert into Video (ID, URL, duration, title, thumbnail, description, uploadDate, IDchannel) values (22, 'www.bdadTube.com/video22', '0:29', 'parturient montes nascetur ridiculus', 'http://dummyimage.com/233x235.png/ff4444/ffffff', 'eu orci mauris lacinia sapien quis libero nullam sit amet', '27/11/2018', 8);
insert into Video (ID, URL, duration, title, thumbnail, description, uploadDate, IDchannel) values (23, 'www.bdadTube.com/video23', '0:02', 'cursus urna', 'http://dummyimage.com/184x109.jpg/ff4444/ffffff', 'interdum mauris non ligula pellentesque ultrices phasellus id sapien in sapien iaculis congue vivamus metus arcu adipiscing', '04/02/2019', 24);
insert into Video (ID, URL, duration, title, thumbnail, description, uploadDate, IDchannel) values (24, 'www.bdadTube.com/video24', '1:11', 'id lobortis convallis tortor', 'http://dummyimage.com/218x219.png/ff4444/ffffff', 'suspendisse ornare consequat lectus in est risus auctor sed tristique in tempus sit amet sem fusce consequat nulla nisl nunc nisl duis', '30/03/2020', 14);
insert into Video (ID, URL, duration, title, thumbnail, description, uploadDate, IDchannel) values (25, 'www.bdadTube.com/video25', '1:18', 'est quam pharetra magna', 'http://dummyimage.com/111x128.jpg/cc0000/ffffff', 'cras pellentesque volutpat dui maecenas tristique est et tempus semper est quam pharetra magna ac consequat metus sapien ut nunc vestibulum ante ipsum primis in faucibus', '22/07/2018', 15);
insert into Video (ID, URL, duration, title, thumbnail, description, uploadDate, IDchannel) values (26, 'www.bdadTube.com/video26', '1:19', 'nullam', 'http://dummyimage.com/250x224.jpg/cc0000/ffffff', 'cubilia curae nulla dapibus dolor vel est donec odio justo sollicitudin ut suscipit a feugiat et eros vestibulum ac est lacinia nisi venenatis tristique fusce', '19/02/2019', 38);
insert into Video (ID, URL, duration, title, thumbnail, description, uploadDate, IDchannel) values (27, 'www.bdadTube.com/video27', '0:24', 'amet', 'http://dummyimage.com/209x144.png/ff4444/ffffff', 'elementum in hac habitasse platea dictumst morbi vestibulum velit id pretium iaculis diam erat fermentum justo nec condimentum neque sapien placerat', '14/07/2019', 21);
insert into Video (ID, URL, duration, title, thumbnail, description, uploadDate, IDchannel) values (28, 'www.bdadTube.com/video28', '0:49', 'quam nec dui luctus rutrum', 'http://dummyimage.com/183x169.png/ff4444/ffffff', 'eu magna vulputate luctus cum sociis natoque penatibus et magnis dis parturient montes nascetur ridiculus mus vivamus vestibulum sagittis sapien cum', '01/08/2019', 14);
insert into Video (ID, URL, duration, title, thumbnail, description, uploadDate, IDchannel) values (29, 'www.bdadTube.com/video29', '0:38', 'semper interdum mauris', 'http://dummyimage.com/118x168.bmp/5fa2dd/ffffff', 'sed vestibulum sit amet cursus id turpis integer aliquet massa id lobortis convallis tortor risus dapibus augue vel accumsan tellus nisi eu orci mauris lacinia sapien quis libero', '11/11/2018', 12);
insert into Video (ID, URL, duration, title, thumbnail, description, uploadDate, IDchannel) values (30, 'www.bdadTube.com/video30', '1:17', 'orci luctus et ultrices', 'http://dummyimage.com/230x240.jpg/5fa2dd/ffffff', 'id sapien in sapien iaculis congue vivamus metus arcu adipiscing molestie hendrerit at vulputate', '19/03/2020', 50);
insert into Video (ID, URL, duration, title, thumbnail, description, uploadDate, IDchannel) values (31, 'www.bdadTube.com/video31', '0:50', 'vel accumsan tellus nisi', 'http://dummyimage.com/206x123.png/ff4444/ffffff', 'posuere felis sed lacus morbi sem mauris laoreet ut rhoncus aliquet pulvinar sed', '14/07/2018', 40);
insert into Video (ID, URL, duration, title, thumbnail, description, uploadDate, IDchannel) values (32, 'www.bdadTube.com/video32', '0:19', 'nec', 'http://dummyimage.com/207x190.bmp/ff4444/ffffff', 'nam dui proin leo odio porttitor id consequat in consequat ut', '27/05/2018', 2);
insert into Video (ID, URL, duration, title, thumbnail, description, uploadDate, IDchannel) values (33, 'www.bdadTube.com/video33', '0:49', 'dui proin leo odio porttitor', 'http://dummyimage.com/192x178.png/cc0000/ffffff', 'quisque erat eros viverra eget congue eget semper rutrum nulla nunc purus phasellus in felis donec semper', '18/03/2019', 28);
insert into Video (ID, URL, duration, title, thumbnail, description, uploadDate, IDchannel) values (34, 'www.bdadTube.com/video34', '1:22', 'lorem id', 'http://dummyimage.com/124x171.bmp/ff4444/ffffff', 'amet consectetuer adipiscing elit proin interdum mauris non ligula pellentesque ultrices phasellus id sapien in', '18/11/2019', 11);
insert into Video (ID, URL, duration, title, thumbnail, description, uploadDate, IDchannel) values (35, 'www.bdadTube.com/video35', '0:55', 'leo odio condimentum', 'http://dummyimage.com/185x239.png/cc0000/ffffff', 'augue vestibulum ante ipsum primis in faucibus orci luctus et ultrices posuere cubilia curae donec', '29/02/2020', 26);
insert into Video (ID, URL, duration, title, thumbnail, description, uploadDate, IDchannel) values (36, 'www.bdadTube.com/video36', '1:19', 'praesent id massa id nisl', 'http://dummyimage.com/164x137.jpg/ff4444/ffffff', 'vel augue vestibulum ante ipsum primis in faucibus orci luctus et', '07/12/2019', 24);
insert into Video (ID, URL, duration, title, thumbnail, description, uploadDate, IDchannel) values (37, 'www.bdadTube.com/video37', '0:59', 'odio porttitor id consequat', 'http://dummyimage.com/177x164.jpg/5fa2dd/ffffff', 'nibh ligula nec sem duis aliquam convallis nunc proin at turpis a pede posuere nonummy integer non velit', '24/08/2018', 16);
insert into Video (ID, URL, duration, title, thumbnail, description, uploadDate, IDchannel) values (38, 'www.bdadTube.com/video38', '0:29', 'maecenas tristique est et tempus', 'http://dummyimage.com/108x166.png/dddddd/000000', 'sapien quis libero nullam sit amet turpis elementum ligula vehicula consequat morbi a ipsum integer a nibh in quis justo maecenas rhoncus aliquam lacus morbi quis tortor id', '23/02/2020', 45);
insert into Video (ID, URL, duration, title, thumbnail, description, uploadDate, IDchannel) values (39, 'www.bdadTube.com/video39', '0:12', 'amet consectetuer adipiscing elit', 'http://dummyimage.com/145x215.bmp/5fa2dd/ffffff', 'odio porttitor id consequat in consequat ut nulla sed accumsan felis ut at dolor quis odio consequat varius integer ac leo pellentesque ultrices mattis odio donec vitae nisi', '19/03/2020', 43);
insert into Video (ID, URL, duration, title, thumbnail, description, uploadDate, IDchannel) values (40, 'www.bdadTube.com/video40', '0:23', 'ultricies eu nibh', 'http://dummyimage.com/221x198.bmp/ff4444/ffffff', 'felis eu sapien cursus vestibulum proin eu mi nulla ac enim in tempor turpis', '21/10/2018', 46);
insert into Video (ID, URL, duration, title, thumbnail, description, uploadDate, IDchannel) values (41, 'www.bdadTube.com/video41', '1:06', 'amet nunc viverra dapibus nulla', 'http://dummyimage.com/101x213.bmp/dddddd/000000', 'sed tincidunt eu felis fusce posuere felis sed lacus morbi sem mauris laoreet', '21/03/2019', 28);
insert into Video (ID, URL, duration, title, thumbnail, description, uploadDate, IDchannel) values (42, 'www.bdadTube.com/video42', '0:37', 'libero ut', 'http://dummyimage.com/108x136.jpg/ff4444/ffffff', 'aenean sit amet justo morbi ut odio cras mi pede malesuada in imperdiet et commodo vulputate justo in blandit ultrices enim lorem ipsum dolor sit amet consectetuer adipiscing elit', '28/04/2020', 8);
insert into Video (ID, URL, duration, title, thumbnail, description, uploadDate, IDchannel) values (43, 'www.bdadTube.com/video43', '1:13', 'aliquet', 'http://dummyimage.com/121x139.png/ff4444/ffffff', 'congue diam id ornare imperdiet sapien urna pretium nisl ut volutpat', '16/01/2019', 44);
insert into Video (ID, URL, duration, title, thumbnail, description, uploadDate, IDchannel) values (44, 'www.bdadTube.com/video44', '0:55', 'euismod', 'http://dummyimage.com/122x101.jpg/cc0000/ffffff', 'arcu libero rutrum ac lobortis vel dapibus at diam nam', '05/08/2018', 25);
insert into Video (ID, URL, duration, title, thumbnail, description, uploadDate, IDchannel) values (45, 'www.bdadTube.com/video45', '0:33', 'non mattis pulvinar nulla pede', 'http://dummyimage.com/183x131.bmp/5fa2dd/ffffff', 'ac enim in tempor turpis nec euismod scelerisque quam turpis adipiscing lorem vitae mattis nibh ligula nec sem duis aliquam convallis nunc proin at turpis a pede', '01/09/2019', 5);
insert into Video (ID, URL, duration, title, thumbnail, description, uploadDate, IDchannel) values (46, 'www.bdadTube.com/video46', '0:53', 'mi sit amet lobortis sapien', 'http://dummyimage.com/215x230.png/5fa2dd/ffffff', 'auctor gravida sem praesent id massa id nisl venenatis lacinia', '29/02/2020', 48);
insert into Video (ID, URL, duration, title, thumbnail, description, uploadDate, IDchannel) values (47, 'www.bdadTube.com/video47', '1:03', 'penatibus', 'http://dummyimage.com/190x123.bmp/cc0000/ffffff', 'in lectus pellentesque at nulla suspendisse potenti cras in purus eu magna vulputate luctus cum sociis natoque penatibus et magnis dis parturient montes nascetur ridiculus mus vivamus vestibulum sagittis', '05/01/2019', 46);
insert into Video (ID, URL, duration, title, thumbnail, description, uploadDate, IDchannel) values (48, 'www.bdadTube.com/video48', '1:08', 'integer ac leo pellentesque', 'http://dummyimage.com/204x210.bmp/dddddd/000000', 'eu massa donec dapibus duis at velit eu est congue elementum in hac habitasse platea dictumst morbi vestibulum velit id pretium iaculis diam erat fermentum justo', '11/11/2019', 1);
insert into Video (ID, URL, duration, title, thumbnail, description, uploadDate, IDchannel) values (49, 'www.bdadTube.com/video49', '0:12', 'viverra eget', 'http://dummyimage.com/186x226.png/ff4444/ffffff', 'vestibulum sit amet cursus id turpis integer aliquet massa id lobortis convallis tortor risus dapibus augue vel accumsan', '21/05/2018', 29);
insert into Video (ID, URL, duration, title, thumbnail, description, uploadDate, IDchannel) values (50, 'www.bdadTube.com/video50', '0:44', 'tellus semper', 'http://dummyimage.com/201x236.bmp/5fa2dd/ffffff', 'in faucibus orci luctus et ultrices posuere cubilia curae nulla dapibus dolor vel est donec odio justo sollicitudin ut suscipit a feugiat et', '08/08/2018', 49);
insert into Video (ID, URL, duration, title, thumbnail, description, uploadDate, IDchannel) values (51, 'www.bdadTube.com/video51', '1:06', 'adipiscing molestie hendrerit at', 'http://dummyimage.com/147x173.jpg/5fa2dd/ffffff', 'tortor risus dapibus augue vel accumsan tellus nisi eu orci mauris lacinia sapien quis libero nullam', '16/02/2020', 1);
insert into Video (ID, URL, duration, title, thumbnail, description, uploadDate, IDchannel) values (52, 'www.bdadTube.com/video52', '0:37', 'vitae consectetuer', 'http://dummyimage.com/250x160.jpg/5fa2dd/ffffff', 'non sodales sed tincidunt eu felis fusce posuere felis sed lacus morbi', '03/09/2018', 41);
insert into Video (ID, URL, duration, title, thumbnail, description, uploadDate, IDchannel) values (53, 'www.bdadTube.com/video53', '0:57', 'proin interdum mauris', 'http://dummyimage.com/245x184.jpg/dddddd/000000', 'mus vivamus vestibulum sagittis sapien cum sociis natoque penatibus et magnis dis parturient montes nascetur ridiculus mus etiam vel augue vestibulum rutrum rutrum neque aenean', '09/01/2019', 13);
insert into Video (ID, URL, duration, title, thumbnail, description, uploadDate, IDchannel) values (54, 'www.bdadTube.com/video54', '1:12', 'interdum venenatis turpis enim', 'http://dummyimage.com/128x214.bmp/cc0000/ffffff', 'velit vivamus vel nulla eget eros elementum pellentesque quisque porta volutpat erat quisque erat eros viverra', '28/02/2020', 50);
insert into Video (ID, URL, duration, title, thumbnail, description, uploadDate, IDchannel) values (55, 'www.bdadTube.com/video55', '0:53', 'sociis', 'http://dummyimage.com/217x141.png/ff4444/ffffff', 'metus sapien ut nunc vestibulum ante ipsum primis in faucibus orci luctus et ultrices posuere cubilia curae mauris viverra diam vitae quam suspendisse potenti', '07/09/2018', 37);
insert into Video (ID, URL, duration, title, thumbnail, description, uploadDate, IDchannel) values (56, 'www.bdadTube.com/video56', '0:23', 'mi integer', 'http://dummyimage.com/245x230.bmp/cc0000/ffffff', 'natoque penatibus et magnis dis parturient montes nascetur ridiculus mus vivamus vestibulum sagittis sapien cum sociis natoque penatibus et magnis dis parturient montes nascetur ridiculus mus etiam vel augue', '03/04/2020', 48);
insert into Video (ID, URL, duration, title, thumbnail, description, uploadDate, IDchannel) values (57, 'www.bdadTube.com/video57', '0:31', 'ut rhoncus aliquet', 'http://dummyimage.com/150x230.jpg/cc0000/ffffff', 'habitasse platea dictumst morbi vestibulum velit id pretium iaculis diam erat fermentum justo nec condimentum neque sapien', '04/09/2018', 43);
insert into Video (ID, URL, duration, title, thumbnail, description, uploadDate, IDchannel) values (58, 'www.bdadTube.com/video58', '1:15', 'purus sit', 'http://dummyimage.com/112x182.jpg/5fa2dd/ffffff', 'amet lobortis sapien sapien non mi integer ac neque duis bibendum morbi non quam nec dui luctus', '12/06/2019', 41);
insert into Video (ID, URL, duration, title, thumbnail, description, uploadDate, IDchannel) values (59, 'www.bdadTube.com/video59', '1:20', 'vel lectus in quam', 'http://dummyimage.com/155x228.bmp/dddddd/000000', 'mattis odio donec vitae nisi nam ultrices libero non mattis', '05/02/2020', 43);
insert into Video (ID, URL, duration, title, thumbnail, description, uploadDate, IDchannel) values (60, 'www.bdadTube.com/video60', '0:40', 'diam vitae', 'http://dummyimage.com/131x247.jpg/5fa2dd/ffffff', 'erat curabitur gravida nisi at nibh in hac habitasse platea dictumst aliquam augue', '27/05/2019', 44);
insert into Video (ID, URL, duration, title, thumbnail, description, uploadDate, IDchannel) values (61, 'www.bdadTube.com/video61', '0:16', 'fusce congue', 'http://dummyimage.com/125x101.jpg/5fa2dd/ffffff', 'non sodales sed tincidunt eu felis fusce posuere felis sed lacus morbi sem mauris laoreet ut rhoncus aliquet pulvinar sed nisl nunc rhoncus dui', '23/01/2019', 17);
insert into Video (ID, URL, duration, title, thumbnail, description, uploadDate, IDchannel) values (62, 'www.bdadTube.com/video62', '0:49', 'maecenas leo', 'http://dummyimage.com/170x216.bmp/cc0000/ffffff', 'pulvinar nulla pede ullamcorper augue a suscipit nulla elit ac nulla sed vel enim sit amet nunc viverra dapibus nulla suscipit ligula in lacus curabitur at ipsum ac', '30/03/2019', 26);
insert into Video (ID, URL, duration, title, thumbnail, description, uploadDate, IDchannel) values (63, 'www.bdadTube.com/video63', '0:16', 'maecenas pulvinar', 'http://dummyimage.com/174x204.jpg/5fa2dd/ffffff', 'nam ultrices libero non mattis pulvinar nulla pede ullamcorper augue a suscipit nulla elit ac nulla sed vel enim sit amet nunc viverra dapibus nulla suscipit ligula in', '12/07/2019', 13);
insert into Video (ID, URL, duration, title, thumbnail, description, uploadDate, IDchannel) values (64, 'www.bdadTube.com/video64', '0:42', 'risus praesent lectus vestibulum', 'http://dummyimage.com/250x136.bmp/cc0000/ffffff', 'est quam pharetra magna ac consequat metus sapien ut nunc vestibulum ante ipsum primis in faucibus orci luctus et', '08/06/2018', 41);
insert into Video (ID, URL, duration, title, thumbnail, description, uploadDate, IDchannel) values (65, 'www.bdadTube.com/video65', '0:34', 'nulla nisl nunc nisl', 'http://dummyimage.com/148x250.bmp/cc0000/ffffff', 'cubilia curae donec pharetra magna vestibulum aliquet ultrices erat tortor sollicitudin mi sit amet lobortis sapien sapien non mi integer ac neque duis bibendum morbi non quam nec dui', '01/11/2018', 36);
insert into Video (ID, URL, duration, title, thumbnail, description, uploadDate, IDchannel) values (66, 'www.bdadTube.com/video66', '1:01', 'felis', 'http://dummyimage.com/245x207.jpg/cc0000/ffffff', 'sit amet lobortis sapien sapien non mi integer ac neque duis bibendum', '12/02/2020', 29);
insert into Video (ID, URL, duration, title, thumbnail, description, uploadDate, IDchannel) values (67, 'www.bdadTube.com/video67', '0:32', 'cum sociis natoque', 'http://dummyimage.com/234x135.jpg/cc0000/ffffff', 'nam nulla integer pede justo lacinia eget tincidunt eget tempus', '07/03/2019', 42);
insert into Video (ID, URL, duration, title, thumbnail, description, uploadDate, IDchannel) values (68, 'www.bdadTube.com/video68', '0:45', 'massa donec dapibus duis at', 'http://dummyimage.com/246x152.png/ff4444/ffffff', 'dui maecenas tristique est et tempus semper est quam pharetra magna', '02/04/2019', 44);
insert into Video (ID, URL, duration, title, thumbnail, description, uploadDate, IDchannel) values (69, 'www.bdadTube.com/video69', '0:41', 'consequat', 'http://dummyimage.com/116x183.bmp/dddddd/000000', 'risus dapibus augue vel accumsan tellus nisi eu orci mauris lacinia sapien quis libero nullam sit amet turpis elementum ligula vehicula consequat morbi a ipsum integer a', '03/06/2019', 40);
insert into Video (ID, URL, duration, title, thumbnail, description, uploadDate, IDchannel) values (70, 'www.bdadTube.com/video70', '0:12', 'libero ut', 'http://dummyimage.com/172x208.png/ff4444/ffffff', 'cursus urna ut tellus nulla ut erat id mauris vulputate elementum nullam varius nulla facilisi cras non velit nec nisi vulputate nonummy maecenas tincidunt lacus at velit vivamus vel', '19/02/2019', 39);
insert into Video (ID, URL, duration, title, thumbnail, description, uploadDate, IDchannel) values (71, 'www.bdadTube.com/video71', '0:22', 'mi sit amet lobortis sapien', 'http://dummyimage.com/149x147.bmp/ff4444/ffffff', 'viverra eget congue eget semper rutrum nulla nunc purus phasellus in felis donec semper sapien a libero nam dui proin leo', '17/07/2018', 16);
insert into Video (ID, URL, duration, title, thumbnail, description, uploadDate, IDchannel) values (72, 'www.bdadTube.com/video72', '0:56', 'aliquam non mauris', 'http://dummyimage.com/190x197.jpg/5fa2dd/ffffff', 'vitae consectetuer eget rutrum at lorem integer tincidunt ante vel ipsum praesent blandit', '23/10/2018', 13);
insert into Video (ID, URL, duration, title, thumbnail, description, uploadDate, IDchannel) values (73, 'www.bdadTube.com/video73', '0:19', 'semper interdum', 'http://dummyimage.com/128x197.png/5fa2dd/ffffff', 'aliquet maecenas leo odio condimentum id luctus nec molestie sed justo pellentesque viverra pede ac diam cras pellentesque volutpat dui maecenas tristique', '29/01/2020', 21);
insert into Video (ID, URL, duration, title, thumbnail, description, uploadDate, IDchannel) values (74, 'www.bdadTube.com/video74', '1:10', 'aliquam erat volutpat', 'http://dummyimage.com/227x107.png/ff4444/ffffff', 'blandit non interdum in ante vestibulum ante ipsum primis in faucibus orci luctus', '06/02/2020', 25);
insert into Video (ID, URL, duration, title, thumbnail, description, uploadDate, IDchannel) values (75, 'www.bdadTube.com/video75', '0:14', 'pulvinar nulla pede ullamcorper augue', 'http://dummyimage.com/246x245.jpg/5fa2dd/ffffff', 'condimentum neque sapien placerat ante nulla justo aliquam quis turpis eget elit sodales scelerisque mauris sit', '04/10/2019', 26);
insert into Video (ID, URL, duration, title, thumbnail, description, uploadDate, IDchannel) values (76, 'www.bdadTube.com/video76', '0:45', 'suscipit', 'http://dummyimage.com/124x220.png/5fa2dd/ffffff', 'dictumst etiam faucibus cursus urna ut tellus nulla ut erat id mauris vulputate elementum', '05/04/2020', 48);
insert into Video (ID, URL, duration, title, thumbnail, description, uploadDate, IDchannel) values (77, 'www.bdadTube.com/video77', '0:17', 'sed', 'http://dummyimage.com/114x212.png/cc0000/ffffff', 'est et tempus semper est quam pharetra magna ac consequat metus sapien ut nunc vestibulum ante ipsum primis in faucibus orci luctus et ultrices', '02/06/2018', 48);
insert into Video (ID, URL, duration, title, thumbnail, description, uploadDate, IDchannel) values (78, 'www.bdadTube.com/video78', '0:42', 'malesuada in imperdiet et commodo', 'http://dummyimage.com/172x232.bmp/5fa2dd/ffffff', 'et tempus semper est quam pharetra magna ac consequat metus sapien ut nunc vestibulum ante ipsum', '18/03/2019', 34);
insert into Video (ID, URL, duration, title, thumbnail, description, uploadDate, IDchannel) values (79, 'www.bdadTube.com/video79', '1:20', 'blandit non interdum in', 'http://dummyimage.com/229x228.jpg/ff4444/ffffff', 'aliquam non mauris morbi non lectus aliquam sit amet diam in', '19/10/2018', 42);
insert into Video (ID, URL, duration, title, thumbnail, description, uploadDate, IDchannel) values (80, 'www.bdadTube.com/video80', '1:01', 'erat curabitur gravida', 'http://dummyimage.com/118x230.jpg/dddddd/000000', 'elementum ligula vehicula consequat morbi a ipsum integer a nibh in quis justo maecenas rhoncus aliquam lacus', '07/10/2018', 18);

insert into Subscribes (idUser, idChannel) values (42, 40);
insert into Subscribes (idUser, idChannel) values (14, 4);
insert into Subscribes (idUser, idChannel) values (23, 37);
insert into Subscribes (idUser, idChannel) values (35, 3);
insert into Subscribes (idUser, idChannel) values (39, 1);
insert into Subscribes (idUser, idChannel) values (50, 50);
insert into Subscribes (idUser, idChannel) values (7, 31);
insert into Subscribes (idUser, idChannel) values (12, 25);
insert into Subscribes (idUser, idChannel) values (2, 24);
insert into Subscribes (idUser, idChannel) values (17, 1);
insert into Subscribes (idUser, idChannel) values (6, 1);
insert into Subscribes (idUser, idChannel) values (13, 15);
insert into Subscribes (idUser, idChannel) values (28, 7);
insert into Subscribes (idUser, idChannel) values (10, 43);
insert into Subscribes (idUser, idChannel) values (6, 49);
insert into Subscribes (idUser, idChannel) values (1, 32);
insert into Subscribes (idUser, idChannel) values (37, 27);
insert into Subscribes (idUser, idChannel) values (5, 48);
insert into Subscribes (idUser, idChannel) values (24, 34);
insert into Subscribes (idUser, idChannel) values (45, 34);
insert into Subscribes (idUser, idChannel) values (10, 6);
insert into Subscribes (idUser, idChannel) values (44, 40);
insert into Subscribes (idUser, idChannel) values (42, 48);
insert into Subscribes (idUser, idChannel) values (20, 20);
insert into Subscribes (idUser, idChannel) values (41, 44);
insert into Subscribes (idUser, idChannel) values (14, 2);
insert into Subscribes (idUser, idChannel) values (35, 4);
insert into Subscribes (idUser, idChannel) values (19, 30);
insert into Subscribes (idUser, idChannel) values (28, 39);
insert into Subscribes (idUser, idChannel) values (19, 50);
insert into Subscribes (idUser, idChannel) values (44, 10);
insert into Subscribes (idUser, idChannel) values (2, 33);
insert into Subscribes (idUser, idChannel) values (10, 33);
insert into Subscribes (idUser, idChannel) values (31, 6);
insert into Subscribes (idUser, idChannel) values (19, 32);
insert into Subscribes (idUser, idChannel) values (11, 30);
insert into Subscribes (idUser, idChannel) values (46, 38);
insert into Subscribes (idUser, idChannel) values (37, 41);
insert into Subscribes (idUser, idChannel) values (47, 34);
insert into Subscribes (idUser, idChannel) values (45, 29);
insert into Subscribes (idUser, idChannel) values (8, 21);
insert into Subscribes (idUser, idChannel) values (48, 14);
insert into Subscribes (idUser, idChannel) values (50, 17);
insert into Subscribes (idUser, idChannel) values (31, 33);
insert into Subscribes (idUser, idChannel) values (10, 4);
insert into Subscribes (idUser, idChannel) values (23, 1);
insert into Subscribes (idUser, idChannel) values (30, 21);
insert into Subscribes (idUser, idChannel) values (37, 14);
insert into Subscribes (idUser, idChannel) values (30, 36);
insert into Subscribes (idUser, idChannel) values (10, 44);
insert into Subscribes (idUser, idChannel) values (25, 31);
insert into Subscribes (idUser, idChannel) values (6, 45);
insert into Subscribes (idUser, idChannel) values (45, 41);
insert into Subscribes (idUser, idChannel) values (31, 21);
insert into Subscribes (idUser, idChannel) values (40, 1);
insert into Subscribes (idUser, idChannel) values (10, 34);
insert into Subscribes (idUser, idChannel) values (24, 15);
insert into Subscribes (idUser, idChannel) values (18, 12);
insert into Subscribes (idUser, idChannel) values (45, 13);
insert into Subscribes (idUser, idChannel) values (38, 8);
insert into Subscribes (idUser, idChannel) values (43, 23);
insert into Subscribes (idUser, idChannel) values (40, 47);
insert into Subscribes (idUser, idChannel) values (9, 3);
insert into Subscribes (idUser, idChannel) values (35, 25);
insert into Subscribes (idUser, idChannel) values (41, 17);
insert into Subscribes (idUser, idChannel) values (15, 43);
insert into Subscribes (idUser, idChannel) values (37, 12);
insert into Subscribes (idUser, idChannel) values (47, 2);
insert into Subscribes (idUser, idChannel) values (2, 7);
insert into Subscribes (idUser, idChannel) values (8, 16);
insert into Subscribes (idUser, idChannel) values (4, 49);
insert into Subscribes (idUser, idChannel) values (11, 50);
insert into Subscribes (idUser, idChannel) values (4, 17);
insert into Subscribes (idUser, idChannel) values (2, 28);
insert into Subscribes (idUser, idChannel) values (37, 48);
insert into Subscribes (idUser, idChannel) values (45, 46);
insert into Subscribes (idUser, idChannel) values (3, 28);
insert into Subscribes (idUser, idChannel) values (25, 3);
insert into Subscribes (idUser, idChannel) values (15, 29);


insert into Recommended (ID1, ID2) values (35, 42);
insert into Recommended (ID1, ID2) values (50, 28);
insert into Recommended (ID1, ID2) values (38, 48);
insert into Recommended (ID1, ID2) values (25, 20);
insert into Recommended (ID1, ID2) values (34, 24);
insert into Recommended (ID1, ID2) values (28, 35);
insert into Recommended (ID1, ID2) values (36, 50);
insert into Recommended (ID1, ID2) values (47, 26);
insert into Recommended (ID1, ID2) values (49, 17);
insert into Recommended (ID1, ID2) values (9, 50);
insert into Recommended (ID1, ID2) values (11, 43);
insert into Recommended (ID1, ID2) values (12, 20);
insert into Recommended (ID1, ID2) values (20, 49);
insert into Recommended (ID1, ID2) values (6, 49);
insert into Recommended (ID1, ID2) values (1, 32);
insert into Recommended (ID1, ID2) values (31, 23);
insert into Recommended (ID1, ID2) values (40, 16);
insert into Recommended (ID1, ID2) values (36, 35);
insert into Recommended (ID1, ID2) values (3, 17);
insert into Recommended (ID1, ID2) values (37, 45);
insert into Recommended (ID1, ID2) values (1, 9);
insert into Recommended (ID1, ID2) values (11, 27);
insert into Recommended (ID1, ID2) values (14, 35);
insert into Recommended (ID1, ID2) values (25, 17);
insert into Recommended (ID1, ID2) values (13, 6);
insert into Recommended (ID1, ID2) values (6, 37);
insert into Recommended (ID1, ID2) values (29, 13);
insert into Recommended (ID1, ID2) values (30, 3);
insert into Recommended (ID1, ID2) values (31, 28);
insert into Recommended (ID1, ID2) values (18, 41);
insert into Recommended (ID1, ID2) values (2, 17);
insert into Recommended (ID1, ID2) values (28, 29);
insert into Recommended (ID1, ID2) values (41, 1);
insert into Recommended (ID1, ID2) values (2, 10);
insert into Recommended (ID1, ID2) values (16, 40);
insert into Recommended (ID1, ID2) values (44, 29);
insert into Recommended (ID1, ID2) values (30, 46);
insert into Recommended (ID1, ID2) values (19, 18);
insert into Recommended (ID1, ID2) values (12, 14);
insert into Recommended (ID1, ID2) values (30, 12);
insert into Recommended (ID1, ID2) values (26, 31);
insert into Recommended (ID1, ID2) values (8, 1);
insert into Recommended (ID1, ID2) values (48, 19);
insert into Recommended (ID1, ID2) values (8, 45);
insert into Recommended (ID1, ID2) values (4, 26);
insert into Recommended (ID1, ID2) values (20, 28);
insert into Recommended (ID1, ID2) values (11, 38);
insert into Recommended (ID1, ID2) values (26, 16);
insert into Recommended (ID1, ID2) values (37, 24);
insert into Recommended (ID1, ID2) values (24, 9);
insert into Recommended (ID1, ID2) values (50, 29);
insert into Recommended (ID1, ID2) values (34, 20);
insert into Recommended (ID1, ID2) values (14, 2);
insert into Recommended (ID1, ID2) values (29, 43);
insert into Recommended (ID1, ID2) values (15, 5);
insert into Recommended (ID1, ID2) values (27, 16);
insert into Recommended (ID1, ID2) values (40, 31);
insert into Recommended (ID1, ID2) values (7, 23);
insert into Recommended (ID1, ID2) values (46, 36);
insert into Recommended (ID1, ID2) values (25, 35);
insert into Recommended (ID1, ID2) values (22, 42);
insert into Recommended (ID1, ID2) values (13, 36);
insert into Recommended (ID1, ID2) values (12, 42);
insert into Recommended (ID1, ID2) values (43, 36);
insert into Recommended (ID1, ID2) values (38, 34);
insert into Recommended (ID1, ID2) values (43, 10);
insert into Recommended (ID1, ID2) values (28, 40);
insert into Recommended (ID1, ID2) values (14, 45);
insert into Recommended (ID1, ID2) values (25, 19);

insert into Playlist (ID, URL, name, IDuser) values (1, 'www.bdadTube.com/playlist1', 'in quis justo maecenas rhoncus aliquam', 49);
insert into Playlist (ID, URL, name, IDuser) values (2, 'www.bdadTube.com/playlist2', 'pede justo lacinia eget tincidunt eget', 16);
insert into Playlist (ID, URL, name, IDuser) values (3, 'www.bdadTube.com/playlist3', 'morbi a ipsum', 7);
insert into Playlist (ID, URL, name, IDuser) values (4, 'www.bdadTube.com/playlist4', 'non mauris morbi non lectus aliquam', 45);
insert into Playlist (ID, URL, name, IDuser) values (5, 'www.bdadTube.com/playlist5', 'et magnis dis parturient montes nascetur', 41);
insert into Playlist (ID, URL, name, IDuser) values (6, 'www.bdadTube.com/playlist6', 'id nisl venenatis', 14);
insert into Playlist (ID, URL, name, IDuser) values (7, 'www.bdadTube.com/playlist7', 'iaculis diam erat fermentum justo nec', 45);
insert into Playlist (ID, URL, name, IDuser) values (8, 'www.bdadTube.com/playlist8', 'amet lobortis sapien', 29);
insert into Playlist (ID, URL, name, IDuser) values (9, 'www.bdadTube.com/playlist9', 'aliquam augue', 39);
insert into Playlist (ID, URL, name, IDuser) values (10, 'www.bdadTube.com/playlist10', 'leo odio condimentum id luctus nec', 44);
insert into Playlist (ID, URL, name, IDuser) values (11, 'www.bdadTube.com/playlist11', 'velit nec nisi', 12);
insert into Playlist (ID, URL, name, IDuser) values (12, 'www.bdadTube.com/playlist12', 'volutpat dui maecenas tristique', 34);
insert into Playlist (ID, URL, name, IDuser) values (13, 'www.bdadTube.com/playlist13', 'consequat lectus in', 3);
insert into Playlist (ID, URL, name, IDuser) values (14, 'www.bdadTube.com/playlist14', 'amet justo morbi', 10);
insert into Playlist (ID, URL, name, IDuser) values (15, 'www.bdadTube.com/playlist15', 'dui proin leo odio porttitor', 5);
insert into Playlist (ID, URL, name, IDuser) values (16, 'www.bdadTube.com/playlist16', 'tincidunt lacus at', 42);


insert into MonetizedVideo (ID, total_payment) values (1, 284.8);
insert into MonetizedVideo (ID, total_payment) values (2, 63.83);
insert into MonetizedVideo (ID, total_payment) values (3, 16.59);
insert into MonetizedVideo (ID, total_payment) values (4, 132.62);
insert into MonetizedVideo (ID, total_payment) values (5, 162.72);
insert into MonetizedVideo (ID, total_payment) values (6, 489.55);
insert into MonetizedVideo (ID, total_payment) values (7, 127.81);
insert into MonetizedVideo (ID, total_payment) values (8, 494.97);
insert into MonetizedVideo (ID, total_payment) values (9, 240.58);
insert into MonetizedVideo (ID, total_payment) values (10, 301.23);
insert into MonetizedVideo (ID, total_payment) values (11, 270.78);
insert into MonetizedVideo (ID, total_payment) values (12, 206.54);
insert into MonetizedVideo (ID, total_payment) values (13, 13.41);
insert into MonetizedVideo (ID, total_payment) values (14, 373.14);
insert into MonetizedVideo (ID, total_payment) values (15, 18.13);
insert into MonetizedVideo (ID, total_payment) values (16, 428.43);
insert into MonetizedVideo (ID, total_payment) values (17, 443.48);
insert into MonetizedVideo (ID, total_payment) values (18, 145.07);
insert into MonetizedVideo (ID, total_payment) values (19, 387.27);
insert into MonetizedVideo (ID, total_payment) values (20, 50.27);
insert into MonetizedVideo (ID, total_payment) values (21, 43.57);
insert into MonetizedVideo (ID, total_payment) values (22, 149.08);
insert into MonetizedVideo (ID, total_payment) values (23, 304.1);
insert into MonetizedVideo (ID, total_payment) values (24, 478.72);
insert into MonetizedVideo (ID, total_payment) values (25, 191.33);
insert into MonetizedVideo (ID, total_payment) values (26, 169.65);
insert into MonetizedVideo (ID, total_payment) values (27, 156.08);
insert into MonetizedVideo (ID, total_payment) values (28, 437.19);
insert into MonetizedVideo (ID, total_payment) values (29, 407.05);
insert into MonetizedVideo (ID, total_payment) values (30, 92.32);
insert into MonetizedVideo (ID, total_payment) values (31, 355.12);
insert into MonetizedVideo (ID, total_payment) values (32, 392.73);
insert into MonetizedVideo (ID, total_payment) values (33, 489.17);
insert into MonetizedVideo (ID, total_payment) values (34, 40.38);
insert into MonetizedVideo (ID, total_payment) values (35, 380.73);
insert into MonetizedVideo (ID, total_payment) values (36, 243.09);
insert into MonetizedVideo (ID, total_payment) values (37, 77.68);
insert into MonetizedVideo (ID, total_payment) values (38, 458.58);
insert into MonetizedVideo (ID, total_payment) values (39, 300.81);
insert into MonetizedVideo (ID, total_payment) values (40, 234.4);

insert into PromotingEntity (ID, name) values (1, 'condimentum curabitur');
insert into PromotingEntity (ID, name) values (2, 'dui nec');
insert into PromotingEntity (ID, name) values (3, 'cras mi pede');
insert into PromotingEntity (ID, name) values (4, 'ipsum');
insert into PromotingEntity (ID, name) values (5, 'pulvinar');
insert into PromotingEntity (ID, name) values (6, 'consequat dui');
insert into PromotingEntity (ID, name) values (7, 'ante vestibulum');
insert into PromotingEntity (ID, name) values (8, 'turpis sed');
insert into PromotingEntity (ID, name) values (9, 'in magna bibendum');
insert into PromotingEntity (ID, name) values (10, 'sapien cursus');
insert into PromotingEntity (ID, name) values (11, 'dui');
insert into PromotingEntity (ID, name) values (12, 'dolor sit amet');
insert into PromotingEntity (ID, name) values (13, 'pretium nisl ut');
insert into PromotingEntity (ID, name) values (14, 'sed lacus morbi');
insert into PromotingEntity (ID, name) values (15, 'mattis pulvinar nulla');
insert into PromotingEntity (ID, name) values (16, 'volutpat eleifend donec');
insert into PromotingEntity (ID, name) values (17, 'etiam');
insert into PromotingEntity (ID, name) values (18, 'ac');
insert into PromotingEntity (ID, name) values (19, 'nibh');
insert into PromotingEntity (ID, name) values (20, 'vel augue vestibulum');
insert into PromotingEntity (ID, name) values (21, 'non lectus aliquam');
insert into PromotingEntity (ID, name) values (22, 'condimentum');
insert into PromotingEntity (ID, name) values (23, 'in leo');
insert into PromotingEntity (ID, name) values (24, 'nulla');
insert into PromotingEntity (ID, name) values (25, 'id');
insert into PromotingEntity (ID, name) values (26, 'est');
insert into PromotingEntity (ID, name) values (27, 'turpis donec');
insert into PromotingEntity (ID, name) values (28, 'eu');
insert into PromotingEntity (ID, name) values (29, 'proin interdum');
insert into PromotingEntity (ID, name) values (30, 'sapien quis');

insert into Ad (ID, payment, IDPromotingEntity) values (56, 2.34, 19);
insert into Ad (ID, payment, IDPromotingEntity) values (31, 1.06, 24);
insert into Ad (ID, payment, IDPromotingEntity) values (72, 1.92, 4);
insert into Ad (ID, payment, IDPromotingEntity) values (12, 1.31, 23);
insert into Ad (ID, payment, IDPromotingEntity) values (24, 1.28, 29);
insert into Ad (ID, payment, IDPromotingEntity) values (11, 1.62, 13);
insert into Ad (ID, payment, IDPromotingEntity) values (47, 2.98, 8);
insert into Ad (ID, payment, IDPromotingEntity) values (70, 1.12, 27);
insert into Ad (ID, payment, IDPromotingEntity) values (33, 1.75, 10);
insert into Ad (ID, payment, IDPromotingEntity) values (76, 2.73, 1);
insert into Ad (ID, payment, IDPromotingEntity) values (69, 1.79, 28);
insert into Ad (ID, payment, IDPromotingEntity) values (68, 2.79, 23);
insert into Ad (ID, payment, IDPromotingEntity) values (52, 1.28, 17);
insert into Ad (ID, payment, IDPromotingEntity) values (75, 1.79, 4);
insert into Ad (ID, payment, IDPromotingEntity) values (74, 1.26, 16);
insert into Ad (ID, payment, IDPromotingEntity) values (29, 1.1, 25);
insert into Ad (ID, payment, IDPromotingEntity) values (15, 2.26, 8);
insert into Ad (ID, payment, IDPromotingEntity) values (44, 1.55, 8);
insert into Ad (ID, payment, IDPromotingEntity) values (53, 2.07, 5);
insert into Ad (ID, payment, IDPromotingEntity) values (23, 1.49, 22);
insert into Ad (ID, payment, IDPromotingEntity) values (9, 1.66, 28);
insert into Ad (ID, payment, IDPromotingEntity) values (73, 1.68, 26);
insert into Ad (ID, payment, IDPromotingEntity) values (3, 2.17, 11);
insert into Ad (ID, payment, IDPromotingEntity) values (66, 2.55, 4);
insert into Ad (ID, payment, IDPromotingEntity) values (78, 1.16, 10);
insert into Ad (ID, payment, IDPromotingEntity) values (2, 1.15, 8);
insert into Ad (ID, payment, IDPromotingEntity) values (61, 2.91, 9);
insert into Ad (ID, payment, IDPromotingEntity) values (25, 2.0, 9);
insert into Ad (ID, payment, IDPromotingEntity) values (35, 1.0, 8);
insert into Ad (ID, payment, IDPromotingEntity) values (16, 2.47, 13);
insert into Ad (ID, payment, IDPromotingEntity) values (40, 2.03, 13);
insert into Ad (ID, payment, IDPromotingEntity) values (48, 1.61, 25);
insert into Ad (ID, payment, IDPromotingEntity) values (32, 2.41, 7);
insert into Ad (ID, payment, IDPromotingEntity) values (26, 1.64, 4);
insert into Ad (ID, payment, IDPromotingEntity) values (58, 2.21, 6);

insert into PlayingAd (IDad, IDmonetizedVideo, time) values (56, 27, '5:58');
insert into PlayingAd (IDad, IDmonetizedVideo, time) values (31, 32, '2:39');
insert into PlayingAd (IDad, IDmonetizedVideo, time) values (72, 2, '3:57');
insert into PlayingAd (IDad, IDmonetizedVideo, time) values (12, 7, '3:19');
insert into PlayingAd (IDad, IDmonetizedVideo, time) values (24, 37, '2:04');
insert into PlayingAd (IDad, IDmonetizedVideo, time) values (11, 19, '0:05');
insert into PlayingAd (IDad, IDmonetizedVideo, time) values (47, 22, '4:54');
insert into PlayingAd (IDad, IDmonetizedVideo, time) values (70, 13, '3:07');
insert into PlayingAd (IDad, IDmonetizedVideo, time) values (33, 25, '2:56');
insert into PlayingAd (IDad, IDmonetizedVideo, time) values (76, 19, '3:04');
insert into PlayingAd (IDad, IDmonetizedVideo, time) values (69, 33, '0:40');
insert into PlayingAd (IDad, IDmonetizedVideo, time) values (68, 25, '3:04');
insert into PlayingAd (IDad, IDmonetizedVideo, time) values (52, 3, '0:35');
insert into PlayingAd (IDad, IDmonetizedVideo, time) values (75, 36, '3:17');
insert into PlayingAd (IDad, IDmonetizedVideo, time) values (74, 10, '5:26');
insert into PlayingAd (IDad, IDmonetizedVideo, time) values (29, 12, '5:15');
insert into PlayingAd (IDad, IDmonetizedVideo, time) values (15, 6, '0:15');
insert into PlayingAd (IDad, IDmonetizedVideo, time) values (44, 28, '1:39');
insert into PlayingAd (IDad, IDmonetizedVideo, time) values (53, 30, '1:50');
insert into PlayingAd (IDad, IDmonetizedVideo, time) values (23, 25, '4:37');
insert into PlayingAd (IDad, IDmonetizedVideo, time) values (9, 16, '3:45');
insert into PlayingAd (IDad, IDmonetizedVideo, time) values (73, 25, '0:12');
insert into PlayingAd (IDad, IDmonetizedVideo, time) values (3, 25, '2:58');
insert into PlayingAd (IDad, IDmonetizedVideo, time) values (66, 4, '5:40');
insert into PlayingAd (IDad, IDmonetizedVideo, time) values (78, 10, '5:44');
insert into PlayingAd (IDad, IDmonetizedVideo, time) values (2, 8, '2:39');
insert into PlayingAd (IDad, IDmonetizedVideo, time) values (61, 21, '5:19');
insert into PlayingAd (IDad, IDmonetizedVideo, time) values (25, 39, '3:05');
insert into PlayingAd (IDad, IDmonetizedVideo, time) values (35, 11, '1:15');
insert into PlayingAd (IDad, IDmonetizedVideo, time) values (16, 7, '5:43');
insert into PlayingAd (IDad, IDmonetizedVideo, time) values (40, 30, '5:20');
insert into PlayingAd (IDad, IDmonetizedVideo, time) values (48, 19, '3:19');
insert into PlayingAd (IDad, IDmonetizedVideo, time) values (32, 7, '1:01');
insert into PlayingAd (IDad, IDmonetizedVideo, time) values (26, 13, '5:23');
insert into PlayingAd (IDad, IDmonetizedVideo, time) values (58, 12, '5:03');
insert into PlayingAd (IDad, IDmonetizedVideo, time) values (56, 13, '4:52');
insert into PlayingAd (IDad, IDmonetizedVideo, time) values (31, 31, '4:53');
insert into PlayingAd (IDad, IDmonetizedVideo, time) values (72, 11, '5:59');
insert into PlayingAd (IDad, IDmonetizedVideo, time) values (12, 2, '4:53');
insert into PlayingAd (IDad, IDmonetizedVideo, time) values (24, 15, '3:53');
insert into PlayingAd (IDad, IDmonetizedVideo, time) values (11, 35, '3:33');
insert into PlayingAd (IDad, IDmonetizedVideo, time) values (47, 10, '3:39');
insert into PlayingAd (IDad, IDmonetizedVideo, time) values (70, 18, '3:31');
insert into PlayingAd (IDad, IDmonetizedVideo, time) values (33, 3, '4:38');
insert into PlayingAd (IDad, IDmonetizedVideo, time) values (76, 1, '4:22');
insert into PlayingAd (IDad, IDmonetizedVideo, time) values (76, 1, '4:23');
insert into PlayingAd (IDad, IDmonetizedVideo, time) values (69, 32, '1:51');
insert into PlayingAd (IDad, IDmonetizedVideo, time) values (68, 34, '4:38');
insert into PlayingAd (IDad, IDmonetizedVideo, time) values (52, 2, '4:07');
insert into PlayingAd (IDad, IDmonetizedVideo, time) values (75, 13, '1:18');
insert into PlayingAd (IDad, IDmonetizedVideo, time) values (74, 23, '0:58');
insert into PlayingAd (IDad, IDmonetizedVideo, time) values (29, 13, '5:43');
insert into PlayingAd (IDad, IDmonetizedVideo, time) values (15, 34, '4:36');
insert into PlayingAd (IDad, IDmonetizedVideo, time) values (44, 14, '5:20');
insert into PlayingAd (IDad, IDmonetizedVideo, time) values (53, 22, '3:18');
insert into PlayingAd (IDad, IDmonetizedVideo, time) values (23, 7, '0:36');
insert into PlayingAd (IDad, IDmonetizedVideo, time) values (9, 37, '4:18');
insert into PlayingAd (IDad, IDmonetizedVideo, time) values (73, 39, '2:55');
insert into PlayingAd (IDad, IDmonetizedVideo, time) values (3, 30, '2:35');
insert into PlayingAd (IDad, IDmonetizedVideo, time) values (66, 34, '1:01');
insert into PlayingAd (IDad, IDmonetizedVideo, time) values (78, 33, '5:54');
insert into PlayingAd (IDad, IDmonetizedVideo, time) values (2, 22, '2:35');
insert into PlayingAd (IDad, IDmonetizedVideo, time) values (61, 35, '4:48');
insert into PlayingAd (IDad, IDmonetizedVideo, time) values (25, 14, '3:47');
insert into PlayingAd (IDad, IDmonetizedVideo, time) values (35, 7, '5:54');
insert into PlayingAd (IDad, IDmonetizedVideo, time) values (16, 36, '4:02');
insert into PlayingAd (IDad, IDmonetizedVideo, time) values (40, 4, '2:56');
insert into PlayingAd (IDad, IDmonetizedVideo, time) values (48, 23, '0:02');
insert into PlayingAd (IDad, IDmonetizedVideo, time) values (32, 37, '4:10');
insert into PlayingAd (IDad, IDmonetizedVideo, time) values (26, 16, '5:24');
insert into PlayingAd (IDad, IDmonetizedVideo, time) values (58, 1, '4:15');

insert into ViewVideo (time_viewed, reaction, IDvideo, IDuser, view_date) values ('1:29', 1, 12, 6, '19/11/2018');
insert into ViewVideo (time_viewed, reaction, IDvideo, IDuser, view_date) values ('1:27', 1, 78, 15, '19/03/2019');
insert into ViewVideo (time_viewed, reaction, IDvideo, IDuser, view_date) values ('1:04', 1, 7, 17, '25/08/2019');
insert into ViewVideo (time_viewed, reaction, IDvideo, IDuser, view_date) values ('1:08', 0, 32, 44, '28/05/2018');
insert into ViewVideo (time_viewed, reaction, IDvideo, IDuser, view_date) values ('1:04', 0, 33, 34, '19/03/2019');
insert into ViewVideo (time_viewed, reaction, IDvideo, IDuser, view_date) values ('1:08', 1, 69, 42, '04/06/2019');
insert into ViewVideo (time_viewed, reaction, IDvideo, IDuser, view_date) values ('1:15', 0, 45, 11, '01/09/2019');
insert into ViewVideo (time_viewed, reaction, IDvideo, IDuser, view_date) values ('1:24', -1, 44, 6, '05/08/2018');
insert into ViewVideo (time_viewed, reaction, IDvideo, IDuser, view_date) values ('1:18', 0, 57, 38, '05/09/2018');
insert into ViewVideo (time_viewed, reaction, IDvideo, IDuser, view_date) values ('1:06', -1, 37, 45, '25/08/2018');
insert into ViewVideo (time_viewed, reaction, IDvideo, IDuser, view_date) values ('1:39', 0, 71, 16, '18/07/2018');
insert into ViewVideo (time_viewed, reaction, IDvideo, IDuser, view_date) values ('1:31', 0, 3, 6, '19/12/2018');
insert into ViewVideo (time_viewed, reaction, IDvideo, IDuser, view_date) values ('1:05', 0, 59, 19, '09/02/2020');
insert into ViewVideo (time_viewed, reaction, IDvideo, IDuser, view_date) values ('1:24', 0, 68, 8, '07/04/2019');
insert into ViewVideo (time_viewed, reaction, IDvideo, IDuser, view_date) values ('1:14', -1, 61, 12, '26/01/2019');
insert into ViewVideo (time_viewed, reaction, IDvideo, IDuser, view_date) values ('1:28', 0, 50, 28, '08/08/2018');
insert into ViewVideo (time_viewed, reaction, IDvideo, IDuser, view_date) values ('1:13', 1, 73, 31, '29/01/2020');
insert into ViewVideo (time_viewed, reaction, IDvideo, IDuser, view_date) values ('1:40', -1, 57, 20, '04/09/2018');
insert into ViewVideo (time_viewed, reaction, IDvideo, IDuser, view_date) values ('1:50', -1, 1, 33, '30/07/2019');
insert into ViewVideo (time_viewed, reaction, IDvideo, IDuser, view_date) values ('1:50', 0, 62, 41, '30/03/2019');
insert into ViewVideo (time_viewed, reaction, IDvideo, IDuser, view_date) values ('1:55', -1, 55, 15, '09/09/2018');
insert into ViewVideo (time_viewed, reaction, IDvideo, IDuser, view_date) values ('1:07', -1, 35, 23, '29/02/2020');
insert into ViewVideo (time_viewed, reaction, IDvideo, IDuser, view_date) values ('1:23', -1, 79, 7, '19/10/2018');
insert into ViewVideo (time_viewed, reaction, IDvideo, IDuser, view_date) values ('1:47', 0, 5, 5, '09/03/2019');
insert into ViewVideo (time_viewed, reaction, IDvideo, IDuser, view_date) values ('1:25', -1, 7, 35, '26/08/2019');
insert into ViewVideo (time_viewed, reaction, IDvideo, IDuser, view_date) values ('1:01', 0, 59, 12, '09/02/2020');
insert into ViewVideo (time_viewed, reaction, IDvideo, IDuser, view_date) values ('1:55', 0, 46, 2, '01/03/2020');
insert into ViewVideo (time_viewed, reaction, IDvideo, IDuser, view_date) values ('1:27', 0, 49, 37, '28/05/2018');
insert into ViewVideo (time_viewed, reaction, IDvideo, IDuser, view_date) values ('1:14', -1, 47, 16, '06/01/2019');
insert into ViewVideo (time_viewed, reaction, IDvideo, IDuser, view_date) values ('1:49', -1, 42, 13, '29/04/2020');
insert into ViewVideo (time_viewed, reaction, IDvideo, IDuser, view_date) values ('1:01', 0, 68, 21, '03/04/2019');
insert into ViewVideo (time_viewed, reaction, IDvideo, IDuser, view_date) values ('1:40', 1, 28, 43, '02/08/2019');
insert into ViewVideo (time_viewed, reaction, IDvideo, IDuser, view_date) values ('1:11', -1, 12, 16, '19/11/2018');
insert into ViewVideo (time_viewed, reaction, IDvideo, IDuser, view_date) values ('1:51', -1, 75, 31, '04/10/2019');
insert into ViewVideo (time_viewed, reaction, IDvideo, IDuser, view_date) values ('1:35', -1, 56, 34, '04/04/2020');
insert into ViewVideo (time_viewed, reaction, IDvideo, IDuser, view_date) values ('1:44', 1, 34, 8, '18/11/2019');
insert into ViewVideo (time_viewed, reaction, IDvideo, IDuser, view_date) values ('1:27', -1, 27, 39, '16/07/2019');
insert into ViewVideo (time_viewed, reaction, IDvideo, IDuser, view_date) values ('1:12', 0, 68, 10, '03/04/2019');
insert into ViewVideo (time_viewed, reaction, IDvideo, IDuser, view_date) values ('1:20', -1, 55, 20, '08/09/2018');
insert into ViewVideo (time_viewed, reaction, IDvideo, IDuser, view_date) values ('1:42', 1, 23, 3, '04/02/2019');
insert into ViewVideo (time_viewed, reaction, IDvideo, IDuser, view_date) values ('1:11', -1, 41, 39, '21/03/2019');
insert into ViewVideo (time_viewed, reaction, IDvideo, IDuser, view_date) values ('1:28', -1, 75, 8, '04/10/2019');
insert into ViewVideo (time_viewed, reaction, IDvideo, IDuser, view_date) values ('1:25', 0, 29, 19, '11/11/2018');
insert into ViewVideo (time_viewed, reaction, IDvideo, IDuser, view_date) values ('1:19', -1, 16, 28, '09/05/2020');
insert into ViewVideo (time_viewed, reaction, IDvideo, IDuser, view_date) values ('1:11', -1, 28, 39, '02/08/2019');
insert into ViewVideo (time_viewed, reaction, IDvideo, IDuser, view_date) values ('0:22', 1, 70, 49, '19/02/2019');
insert into ViewVideo (time_viewed, reaction, IDvideo, IDuser, view_date) values ('0:47', -1, 47, 23, '07/01/2019');
insert into ViewVideo (time_viewed, reaction, IDvideo, IDuser, view_date) values ('0:34', 0, 19, 4, '28/01/2020');
insert into ViewVideo (time_viewed, reaction, IDvideo, IDuser, view_date) values ('0:57', 0, 61, 26, '29/01/2019');
insert into ViewVideo (time_viewed, reaction, IDvideo, IDuser, view_date) values ('0:56', 0, 32, 18, '29/05/2018');
insert into ViewVideo (time_viewed, reaction, IDvideo, IDuser, view_date) values ('0:34', 1, 64, 42, '08/06/2018');
insert into ViewVideo (time_viewed, reaction, IDvideo, IDuser, view_date) values ('0:49', 1, 67, 44, '07/03/2019');
insert into ViewVideo (time_viewed, reaction, IDvideo, IDuser, view_date) values ('0:01', -1, 80, 30, '07/10/2018');
insert into ViewVideo (time_viewed, reaction, IDvideo, IDuser, view_date) values ('0:14', 0, 12, 44, '18/11/2018');
insert into ViewVideo (time_viewed, reaction, IDvideo, IDuser, view_date) values ('0:22', 1, 79, 19, '08/10/2018');
insert into ViewVideo (time_viewed, reaction, IDvideo, IDuser, view_date) values ('0:28', -1, 80, 32, '09/10/2018');
insert into ViewVideo (time_viewed, reaction, IDvideo, IDuser, view_date) values ('0:30', -1, 1, 40,'30/08/2019');
insert into ViewVideo (time_viewed, reaction, IDvideo, IDuser, view_date) values ('0:33', 0, 77, 44, '02/06/2018');
insert into ViewVideo (time_viewed, reaction, IDvideo, IDuser, view_date) values ('0:31', -1, 52, 33, '04/09/2018');
insert into ViewVideo (time_viewed, reaction, IDvideo, IDuser, view_date) values ('0:11', 1, 18, 36, '18/05/2019');
insert into ViewVideo (time_viewed, reaction, IDvideo, IDuser, view_date) values ('0:55', 1, 28, 29, '04/08/2019');
insert into ViewVideo (time_viewed, reaction, IDvideo, IDuser, view_date) values ('0:26', -1, 9, 47, '25/03/2019');
insert into ViewVideo (time_viewed, reaction, IDvideo, IDuser, view_date) values ('0:48', 1, 70, 18, '19/02/2019');
insert into ViewVideo (time_viewed, reaction, IDvideo, IDuser, view_date) values ('0:20', 0, 16, 34, '05/05/2020');
insert into ViewVideo (time_viewed, reaction, IDvideo, IDuser, view_date) values ('0:30', 1, 37, 6, '28/08/2018');
insert into ViewVideo (time_viewed, reaction, IDvideo, IDuser, view_date) values ('0:32', 0, 4, 50, '29/12/2019');
insert into ViewVideo (time_viewed, reaction, IDvideo, IDuser, view_date) values ('0:52', 0, 2, 25, '04/03/2019');
insert into ViewVideo (time_viewed, reaction, IDvideo, IDuser, view_date) values ('0:24', -1, 24, 41, '31/03/2020');
insert into ViewVideo (time_viewed, reaction, IDvideo, IDuser, view_date) values ('0:09', 0, 12, 42, '17/11/2018');
insert into ViewVideo (time_viewed, reaction, IDvideo, IDuser, view_date) values ('0:53', -1, 9, 39, '25/03/2019');
insert into ViewVideo (time_viewed, reaction, IDvideo, IDuser, view_date) values ('0:37', -1, 20, 21, '19/01/2019');
insert into ViewVideo (time_viewed, reaction, IDvideo, IDuser, view_date) values ('0:01', 0, 11, 24, '19/01/2019');
insert into ViewVideo (time_viewed, reaction, IDvideo, IDuser, view_date) values ('0:09', 0, 41, 49, '24/03/2019');
insert into ViewVideo (time_viewed, reaction, IDvideo, IDuser, view_date) values ('0:06', 0, 52, 10, '03/09/2018');
insert into ViewVideo (time_viewed, reaction, IDvideo, IDuser, view_date) values ('0:56', 0, 33, 11,'19/03/2019');
insert into ViewVideo (time_viewed, reaction, IDvideo, IDuser, view_date) values ('0:33', 0, 12, 26, '19/11/2018');
insert into ViewVideo (time_viewed, reaction, IDvideo, IDuser, view_date) values ('0:31', 1, 43, 10, '17/01/2019');
insert into ViewVideo (time_viewed, reaction, IDvideo, IDuser, view_date) values ('0:52', 1, 7, 20, '24/08/2019');
insert into ViewVideo (time_viewed, reaction, IDvideo, IDuser, view_date) values ('0:52', 1, 26, 35, '19/02/2019');
insert into ViewVideo (time_viewed, reaction, IDvideo, IDuser, view_date) values ('0:03', 0, 26, 1, '20/02/2019');
insert into ViewVideo (time_viewed, reaction, IDvideo, IDuser, view_date) values ('0:20', 1, 65, 49, '02/11/2018');
insert into ViewVideo (time_viewed, reaction, IDvideo, IDuser, view_date) values ('0:07', 1, 35, 11, '29/02/2020');
insert into ViewVideo (time_viewed, reaction, IDvideo, IDuser, view_date) values ('0:38', 1, 31, 35, '19/07/2018');
insert into ViewVideo (time_viewed, reaction, IDvideo, IDuser, view_date) values ('0:48', -1, 47, 6, '08/01/2019');
insert into ViewVideo (time_viewed, reaction, IDvideo, IDuser, view_date) values ('0:44', 1, 76, 33, '06/04/2020');
insert into ViewVideo (time_viewed, reaction, IDvideo, IDuser, view_date) values ('0:48', 1, 72, 49, '24/10/2018');
insert into ViewVideo (time_viewed, reaction, IDvideo, IDuser, view_date) values ('0:29', -1, 17, 27, '28/08/2018');
insert into ViewVideo (time_viewed, reaction, IDvideo, IDuser, view_date) values ('0:38', -1, 50, 7, '09/08/2018');
insert into ViewVideo (time_viewed, reaction, IDvideo, IDuser, view_date) values ('0:26', 0, 2, 4, '17/12/2018');
insert into ViewVideo (time_viewed, reaction, IDvideo, IDuser, view_date) values ('0:42', 1, 20, 37, '17/01/2019');
insert into ViewVideo (time_viewed, reaction, IDvideo, IDuser, view_date) values ('0:26', 1, 56, 42, '04/04/2020');
insert into ViewVideo (time_viewed, reaction, IDvideo, IDuser, view_date) values ('0:50', 0, 18, 44, '14/05/2019');
insert into ViewVideo (time_viewed, reaction, IDvideo, IDuser, view_date) values ('0:15', 1, 78, 20, '18/03/2019');
insert into ViewVideo (time_viewed, reaction, IDvideo, IDuser, view_date) values ('0:24', 0, 43, 5, '16/01/2019');
insert into ViewVideo (time_viewed, reaction, IDvideo, IDuser, view_date) values ('0:52', 1, 52, 6,'08/09/2018');
insert into ViewVideo (time_viewed, reaction, IDvideo, IDuser, view_date) values ('0:52', 0, 67, 9, '09/03/2019');


insert into PlaylistVideos (IDplaylist, IDvideo) values (13, 38);
insert into PlaylistVideos (IDplaylist, IDvideo) values (5, 15);
insert into PlaylistVideos (IDplaylist, IDvideo) values (9, 2);
insert into PlaylistVideos (IDplaylist, IDvideo) values (10, 60);
insert into PlaylistVideos (IDplaylist, IDvideo) values (7, 5);
insert into PlaylistVideos (IDplaylist, IDvideo) values (14, 11);
insert into PlaylistVideos (IDplaylist, IDvideo) values (6, 75);
insert into PlaylistVideos (IDplaylist, IDvideo) values (7, 79);
insert into PlaylistVideos (IDplaylist, IDvideo) values (12, 4);
insert into PlaylistVideos (IDplaylist, IDvideo) values (14, 6);
insert into PlaylistVideos (IDplaylist, IDvideo) values (2, 10);
insert into PlaylistVideos (IDplaylist, IDvideo) values (15, 67);
insert into PlaylistVideos (IDplaylist, IDvideo) values (7, 25);
insert into PlaylistVideos (IDplaylist, IDvideo) values (10, 76);
insert into PlaylistVideos (IDplaylist, IDvideo) values (1, 37);
insert into PlaylistVideos (IDplaylist, IDvideo) values (15, 12);
insert into PlaylistVideos (IDplaylist, IDvideo) values (9, 48);
insert into PlaylistVideos (IDplaylist, IDvideo) values (2, 6);
insert into PlaylistVideos (IDplaylist, IDvideo) values (4, 45);
insert into PlaylistVideos (IDplaylist, IDvideo) values (10, 15);
insert into PlaylistVideos (IDplaylist, IDvideo) values (8, 48);
insert into PlaylistVideos (IDplaylist, IDvideo) values (6, 25);
insert into PlaylistVideos (IDplaylist, IDvideo) values (8, 28);
insert into PlaylistVideos (IDplaylist, IDvideo) values (8, 32);
insert into PlaylistVideos (IDplaylist, IDvideo) values (11, 49);
insert into PlaylistVideos (IDplaylist, IDvideo) values (14, 35);
insert into PlaylistVideos (IDplaylist, IDvideo) values (4, 5);
insert into PlaylistVideos (IDplaylist, IDvideo) values (9, 18);
insert into PlaylistVideos (IDplaylist, IDvideo) values (9, 49);
insert into PlaylistVideos (IDplaylist, IDvideo) values (11, 2);
insert into PlaylistVideos (IDplaylist, IDvideo) values (6, 24);
insert into PlaylistVideos (IDplaylist, IDvideo) values (13, 50);
insert into PlaylistVideos (IDplaylist, IDvideo) values (16, 71);
insert into PlaylistVideos (IDplaylist, IDvideo) values (8, 7);
insert into PlaylistVideos (IDplaylist, IDvideo) values (12, 6);
insert into PlaylistVideos (IDplaylist, IDvideo) values (7, 47);
insert into PlaylistVideos (IDplaylist, IDvideo) values (6, 72);
insert into PlaylistVideos (IDplaylist, IDvideo) values (8, 14);
insert into PlaylistVideos (IDplaylist, IDvideo) values (14, 13);
insert into PlaylistVideos (IDplaylist, IDvideo) values (1, 80);
insert into PlaylistVideos (IDplaylist, IDvideo) values (2, 7);
insert into PlaylistVideos (IDplaylist, IDvideo) values (16, 75);
insert into PlaylistVideos (IDplaylist, IDvideo) values (14, 68);
insert into PlaylistVideos (IDplaylist, IDvideo) values (11, 51);
insert into PlaylistVideos (IDplaylist, IDvideo) values (7, 20);
insert into PlaylistVideos (IDplaylist, IDvideo) values (1, 11);
insert into PlaylistVideos (IDplaylist, IDvideo) values (5, 60);
insert into PlaylistVideos (IDplaylist, IDvideo) values (3, 57);
insert into PlaylistVideos (IDplaylist, IDvideo) values (3, 63);
insert into PlaylistVideos (IDplaylist, IDvideo) values (15, 8);
insert into PlaylistVideos (IDplaylist, IDvideo) values (1, 48);
insert into PlaylistVideos (IDplaylist, IDvideo) values (10, 64);
insert into PlaylistVideos (IDplaylist, IDvideo) values (11, 57);
insert into PlaylistVideos (IDplaylist, IDvideo) values (16, 11);
insert into PlaylistVideos (IDplaylist, IDvideo) values (7, 18);
insert into PlaylistVideos (IDplaylist, IDvideo) values (5, 4);
insert into PlaylistVideos (IDplaylist, IDvideo) values (1, 30);
insert into PlaylistVideos (IDplaylist, IDvideo) values (9, 78);
insert into PlaylistVideos (IDplaylist, IDvideo) values (5, 36);
insert into PlaylistVideos (IDplaylist, IDvideo) values (11, 80);

insert into Announcement (ID, URL, content, image, number_of_likes, upload_date, IDchannel) values (1, 'www.bdadTube.com/announce1', 'at turpis a pede posuere nonummy integer non velit donec diam neque vestibulum eget vulputate ut ultrices vel augue', 'http://dummyimage.com/134x138.bmp/cc0000/ffffff', 0, '10/02/2019', 50);
insert into Announcement (ID, URL, content, image, number_of_likes, upload_date, IDchannel) values (2, 'www.bdadTube.com/announce2', 'curae nulla dapibus dolor vel est donec odio justo sollicitudin ut', 'http://dummyimage.com/180x188.png/ff4444/ffffff', 0, '12/03/2020', 14);
insert into Announcement (ID, URL, content, image, number_of_likes, upload_date, IDchannel) values (3, 'www.bdadTube.com/announce3', 'blandit ultrices enim lorem ipsum dolor sit amet consectetuer adipiscing elit proin interdum', 'http://dummyimage.com/202x240.bmp/5fa2dd/ffffff', 0, '03/12/2019', 29);
insert into Announcement (ID, URL, content, image, number_of_likes, upload_date, IDchannel) values (4, 'www.bdadTube.com/announce4', 'justo sollicitudin ut suscipit a feugiat et eros vestibulum ac est lacinia nisi venenatis tristique', 'http://dummyimage.com/240x145.bmp/dddddd/000000', 0, '07/06/2019', 6);
insert into Announcement (ID, URL, content, image, number_of_likes, upload_date, IDchannel) values (5, 'www.bdadTube.com/announce5', 'at nulla suspendisse potenti cras in purus eu magna vulputate luctus cum sociis natoque penatibus et magnis', 'http://dummyimage.com/202x114.bmp/dddddd/000000', 0, '18/05/2018', 7);
insert into Announcement (ID, URL, content, image, number_of_likes, upload_date, IDchannel) values (6, 'www.bdadTube.com/announce6', 'sed ante vivamus tortor duis mattis egestas metus aenean fermentum donec ut mauris eget massa tempor convallis nulla neque', 'http://dummyimage.com/196x245.bmp/cc0000/ffffff', 0, '07/02/2019', 19);
insert into Announcement (ID, URL, content, image, number_of_likes, upload_date, IDchannel) values (7, 'www.bdadTube.com/announce7', 'nulla neque libero convallis eget eleifend luctus ultricies eu nibh quisque id justo sit amet sapien', 'http://dummyimage.com/213x116.bmp/ff4444/ffffff', 0, '06/06/2018', 25);
insert into Announcement (ID, URL, content, image, number_of_likes, upload_date, IDchannel) values (8, 'www.bdadTube.com/announce8', 'consequat varius integer ac leo pellentesque ultrices mattis odio donec vitae nisi nam ultrices', 'http://dummyimage.com/216x219.jpg/cc0000/ffffff', 0, '12/11/2018', 15);
insert into Announcement (ID, URL, content, image, number_of_likes, upload_date, IDchannel) values (9, 'www.bdadTube.com/announce9', 'dis parturient montes nascetur ridiculus mus vivamus vestibulum sagittis sapien cum sociis natoque penatibus', 'http://dummyimage.com/163x106.png/5fa2dd/ffffff', 0, '02/10/2018', 44);
insert into Announcement (ID, URL, content, image, number_of_likes, upload_date, IDchannel) values (10, 'www.bdadTube.com/announce10', 'diam vitae quam suspendisse potenti nullam porttitor lacus at turpis donec posuere metus vitae ipsum aliquam non mauris morbi non', 'http://dummyimage.com/211x142.bmp/cc0000/ffffff', 0, '24/11/2019', 18);
insert into Announcement (ID, URL, content, image, number_of_likes, upload_date, IDchannel) values (11, 'www.bdadTube.com/announce11', 'ornare imperdiet sapien urna pretium nisl ut volutpat sapien arcu sed augue aliquam erat volutpat in', 'http://dummyimage.com/143x142.png/dddddd/000000', 0, '22/05/2019', 27);
insert into Announcement (ID, URL, content, image, number_of_likes, upload_date, IDchannel) values (12, 'www.bdadTube.com/announce12', 'non velit donec diam neque vestibulum eget vulputate ut ultrices vel augue vestibulum ante ipsum primis', 'http://dummyimage.com/115x245.bmp/cc0000/ffffff', 0, '07/06/2018', 14);
insert into Announcement (ID, URL, content, image, number_of_likes, upload_date, IDchannel) values (13, 'www.bdadTube.com/announce13', 'turpis adipiscing lorem vitae mattis nibh ligula nec sem duis aliquam convallis nunc proin', 'http://dummyimage.com/171x189.jpg/cc0000/ffffff', 0, '28/05/2019', 27);
insert into Announcement (ID, URL, content, image, number_of_likes, upload_date, IDchannel) values (14, 'www.bdadTube.com/announce14', 'aliquam augue quam sollicitudin vitae consectetuer eget rutrum at lorem integer tincidunt ante vel ipsum praesent blandit lacinia erat vestibulum', 'http://dummyimage.com/134x157.png/dddddd/000000', 0, '08/04/2020', 46);
insert into Announcement (ID, URL, content, image, number_of_likes, upload_date, IDchannel) values (15, 'www.bdadTube.com/announce15', 'lorem integer tincidunt ante vel ipsum praesent blandit lacinia erat vestibulum sed magna at nunc commodo placerat praesent', 'http://dummyimage.com/216x203.bmp/5fa2dd/ffffff', 0, '04/10/2018', 26);
insert into Announcement (ID, URL, content, image, number_of_likes, upload_date, IDchannel) values (16, 'www.bdadTube.com/announce16', 'pellentesque quisque porta volutpat erat quisque erat eros viverra eget', 'http://dummyimage.com/133x183.bmp/5fa2dd/ffffff', 0, '15/08/2018', 30);
insert into Announcement (ID, URL, content, image, number_of_likes, upload_date, IDchannel) values (17, 'www.bdadTube.com/announce17', 'eu sapien cursus vestibulum proin eu mi nulla ac enim in tempor turpis nec euismod scelerisque', 'http://dummyimage.com/197x211.bmp/ff4444/ffffff', 0, '14/07/2019', 27);
insert into Announcement (ID, URL, content, image, number_of_likes, upload_date, IDchannel) values (18, 'www.bdadTube.com/announce18', 'vivamus tortor duis mattis egestas metus aenean fermentum donec ut mauris eget massa', 'http://dummyimage.com/192x204.png/cc0000/ffffff', 0, '11/09/2019', 3);
insert into Announcement (ID, URL, content, image, number_of_likes, upload_date, IDchannel) values (19, 'www.bdadTube.com/announce19', 'nibh ligula nec sem duis aliquam convallis nunc proin at turpis a pede posuere nonummy integer non velit donec', 'http://dummyimage.com/245x119.bmp/dddddd/000000', 0, '04/08/2019', 3);
insert into Announcement (ID, URL, content, image, number_of_likes, upload_date, IDchannel) values (20, 'www.bdadTube.com/announce20', 'proin at turpis a pede posuere nonummy integer non velit donec diam', 'http://dummyimage.com/194x163.bmp/dddddd/000000', 0, '01/02/2020', 45);
insert into Announcement (ID, URL, content, image, number_of_likes, upload_date, IDchannel) values (21, 'www.bdadTube.com/announce21', 'elit ac nulla sed vel enim sit amet nunc viverra dapibus nulla suscipit ligula in lacus curabitur at ipsum', 'http://dummyimage.com/232x202.png/cc0000/ffffff', 0, '16/05/2019', 1);
insert into Announcement (ID, URL, content, image, number_of_likes, upload_date, IDchannel) values (22, 'www.bdadTube.com/announce22', 'vel augue vestibulum rutrum rutrum neque aenean auctor gravida sem praesent id massa id nisl', 'http://dummyimage.com/152x242.jpg/5fa2dd/ffffff', 0, '27/02/2020', 4);
insert into Announcement (ID, URL, content, image, number_of_likes, upload_date, IDchannel) values (23, 'www.bdadTube.com/announce23', 'vel lectus in quam fringilla rhoncus mauris enim leo rhoncus sed vestibulum sit amet cursus id turpis integer aliquet massa', 'http://dummyimage.com/228x214.jpg/dddddd/000000', 0, '01/08/2019', 46);
insert into Announcement (ID, URL, content, image, number_of_likes, upload_date, IDchannel) values (24, 'www.bdadTube.com/announce24', 'vestibulum ac est lacinia nisi venenatis tristique fusce congue diam id ornare imperdiet sapien', 'http://dummyimage.com/146x249.jpg/dddddd/000000', 0, '20/02/2020', 23);
insert into Announcement (ID, URL, content, image, number_of_likes, upload_date, IDchannel) values (25, 'www.bdadTube.com/announce25', 'natoque penatibus et magnis dis parturient montes nascetur ridiculus mus vivamus vestibulum', 'http://dummyimage.com/124x208.png/dddddd/000000', 0, '07/12/2019', 14);
insert into Announcement (ID, URL, content, image, number_of_likes, upload_date, IDchannel) values (26, 'www.bdadTube.com/announce26', 'potenti cras in purus eu magna vulputate luctus cum sociis natoque penatibus et magnis dis parturient', 'http://dummyimage.com/201x207.jpg/dddddd/000000', 0, '06/05/2019', 3);
insert into Announcement (ID, URL, content, image, number_of_likes, upload_date, IDchannel) values (27, 'www.bdadTube.com/announce27', 'vitae nisl aenean lectus pellentesque eget nunc donec quis orci eget', 'http://dummyimage.com/234x211.bmp/ff4444/ffffff', 0, '05/06/2019', 7);
insert into Announcement (ID, URL, content, image, number_of_likes, upload_date, IDchannel) values (28, 'www.bdadTube.com/announce28', 'metus aenean fermentum donec ut mauris eget massa tempor convallis', 'http://dummyimage.com/102x220.jpg/ff4444/ffffff', 0, '26/09/2019', 30);
insert into Announcement (ID, URL, content, image, number_of_likes, upload_date, IDchannel) values (29, 'www.bdadTube.com/announce29', 'rhoncus dui vel sem sed sagittis nam congue risus semper porta volutpat quam pede lobortis ligula', 'http://dummyimage.com/160x156.jpg/cc0000/ffffff', 0, '14/02/2019', 15);
insert into Announcement (ID, URL, content, image, number_of_likes, upload_date, IDchannel) values (30, 'www.bdadTube.com/announce30', 'lectus aliquam sit amet diam in magna bibendum imperdiet nullam orci pede', 'http://dummyimage.com/172x107.jpg/cc0000/ffffff', 0, '21/06/2018', 38);

insert into Comment (ID, content, number_of_likes, number_of_dislikes, date, IDvideo, IDuser) values (1, 'duis bibendum morbi non quam nec dui luctus rutrum nulla tellus', 0, 0, '18/10/2019', 24, 49);
insert into Comment (ID, content, number_of_likes, number_of_dislikes, date, IDvideo, IDuser) values (2, 'nulla nunc purus phasellus in', 0, 0, '24/11/2018', 23, 14);
insert into Comment (ID, content, number_of_likes, number_of_dislikes, date, IDvideo, IDuser) values (3, 'nulla elit ac nulla sed', 0, 0, '06/05/2020', 20, 40);
insert into Comment (ID, content, number_of_likes, number_of_dislikes, date, IDvideo, IDuser) values (4, 'fusce lacus purus', 0, 0, '16/11/2018', 45, 45);
insert into Comment (ID, content, number_of_likes, number_of_dislikes, date, IDvideo, IDuser) values (5, 'penatibus et magnis dis parturient montes nascetur ridiculus mus etiam vel', 0, 0, '21/05/2019', 42, 1);
insert into Comment (ID, content, number_of_likes, number_of_dislikes, date, IDvideo, IDuser) values (6, 'molestie sed justo pellentesque viverra', 0, 0, '09/05/2020', 45, 31);
insert into Comment (ID, content, number_of_likes, number_of_dislikes, date, IDvideo, IDuser) values (7, 'nam tristique tortor eu', 0, 0, '04/05/2019', 42, 12);
insert into Comment (ID, content, number_of_likes, number_of_dislikes, date, IDvideo, IDuser) values (8, 'turpis a pede posuere nonummy', 0, 0, '06/12/2019', 23, 14);
insert into Comment (ID, content, number_of_likes, number_of_dislikes, date, IDvideo, IDuser) values (9, 'eros vestibulum ac', 0, 0, '13/08/2019', 47, 12);
insert into Comment (ID, content, number_of_likes, number_of_dislikes, date, IDvideo, IDuser) values (10, 'nisi vulputate nonummy maecenas tincidunt lacus at velit vivamus vel', 0, 0, '03/06/2018', 5, 32);
insert into Comment (ID, content, number_of_likes, number_of_dislikes, date, IDvideo, IDuser) values (11, 'vestibulum quam sapien varius ut blandit non interdum in ante vestibulum ante ipsum', 0, 0, '02/09/2019', 34, 36);
insert into Comment (ID, content, number_of_likes, number_of_dislikes, date, IDvideo, IDuser) values (12, 'ante ipsum primis in faucibus', 0, 0, '03/10/2018', 7, 15);
insert into Comment (ID, content, number_of_likes, number_of_dislikes, date, IDvideo, IDuser) values (13, 'sapien in sapien iaculis congue vivamus metus arcu adipiscing molestie hendrerit at vulputate', 0, 0, '05/06/2018', 43, 10);
insert into Comment (ID, content, number_of_likes, number_of_dislikes, date, IDvideo, IDuser) values (14, 'elementum pellentesque quisque porta', 0, 0, '06/01/2020', 25, 14);
insert into Comment (ID, content, number_of_likes, number_of_dislikes, date, IDvideo, IDuser) values (15, 'eu est congue elementum in', 0, 0, '03/02/2019', 6, 41);
insert into Comment (ID, content, number_of_likes, number_of_dislikes, date, IDvideo, IDuser) values (16, 'luctus ultricies eu', 0, 0, '27/02/2020', 43, 39);
insert into Comment (ID, content, number_of_likes, number_of_dislikes, date, IDvideo, IDuser) values (17, 'in hac habitasse platea dictumst etiam faucibus cursus urna', 0, 0, '27/09/2019', 29, 44);
insert into Comment (ID, content, number_of_likes, number_of_dislikes, date, IDvideo, IDuser) values (18, 'non velit donec diam neque', 0, 0, '20/06/2019', 3, 8);
insert into Comment (ID, content, number_of_likes, number_of_dislikes, date, IDvideo, IDuser) values (19, 'nascetur ridiculus mus etiam vel', 0, 0, '17/04/2019', 32, 25);
insert into Comment (ID, content, number_of_likes, number_of_dislikes, date, IDvideo, IDuser) values (20, 'integer ac leo pellentesque ultrices mattis odio donec vitae nisi nam ultrices', 0, 0, '18/11/2018', 25, 15);
insert into Comment (ID, content, number_of_likes, number_of_dislikes, date, IDvideo, IDuser) values (21, 'dictumst maecenas ut massa quis augue luctus tincidunt nulla mollis molestie lorem quisque ut', 0, 0, '07/11/2019', 48, 45);
insert into Comment (ID, content, number_of_likes, number_of_dislikes, date, IDvideo, IDuser) values (22, 'dui vel nisl', 0, 0, '17/03/2019', 45, 42);
insert into Comment (ID, content, number_of_likes, number_of_dislikes, date, IDvideo, IDuser) values (23, 'imperdiet sapien urna pretium nisl ut', 0, 0, '13/08/2018', 16, 26);
insert into Comment (ID, content, number_of_likes, number_of_dislikes, date, IDvideo, IDuser) values (24, 'venenatis non sodales sed', 0, 0, '26/09/2018', 4, 46);
insert into Comment (ID, content, number_of_likes, number_of_dislikes, date, IDvideo, IDuser) values (25, 'at nulla suspendisse potenti cras in purus eu magna vulputate', 0, 0, '06/07/2019', 18, 36);
insert into Comment (ID, content, number_of_likes, number_of_dislikes, date, IDvideo, IDuser) values (26, 'pede posuere nonummy', 0, 0, '23/05/2019', 27, 11);
insert into Comment (ID, content, number_of_likes, number_of_dislikes, date, IDvideo, IDuser) values (27, 'sem fusce consequat nulla nisl nunc nisl duis bibendum felis sed', 0, 0, '18/10/2018', 12, 8);
insert into Comment (ID, content, number_of_likes, number_of_dislikes, date, IDvideo, IDuser) values (28, 'adipiscing molestie hendrerit at vulputate vitae nisl aenean', 0, 0, '29/01/2019', 10, 3);
insert into Comment (ID, content, number_of_likes, number_of_dislikes, date, IDvideo, IDuser) values (29, 'nunc purus phasellus in', 0, 0, '13/02/2020', 30, 17);
insert into Comment (ID, content, number_of_likes, number_of_dislikes, date, IDvideo, IDuser) values (30, 'donec odio justo sollicitudin ut suscipit a feugiat', 0, 0, '21/12/2019', 2, 32);
insert into Comment (ID, content, number_of_likes, number_of_dislikes, date, IDvideo, IDuser) values (31, 'et commodo vulputate justo in', 0, 0, '22/05/2018', 25, 1);
insert into Comment (ID, content, number_of_likes, number_of_dislikes, date, IDvideo, IDuser) values (32, 'sed magna at nunc commodo placerat praesent blandit', 0, 0, '17/05/2019', 10, 2);
insert into Comment (ID, content, number_of_likes, number_of_dislikes, date, IDvideo, IDuser) values (33, 'at turpis a pede posuere nonummy integer non velit donec diam neque vestibulum eget', 0, 0, '28/06/2018', 21, 36);
insert into Comment (ID, content, number_of_likes, number_of_dislikes, date, IDvideo, IDuser) values (34, 'nullam molestie nibh in lectus pellentesque at nulla suspendisse potenti cras in purus', 0, 0, '09/01/2019', 3, 5);
insert into Comment (ID, content, number_of_likes, number_of_dislikes, date, IDvideo, IDuser) values (35, 'felis sed lacus morbi', 0, 0, '01/05/2020', 17, 28);
insert into Comment (ID, content, number_of_likes, number_of_dislikes, date, IDvideo, IDuser) values (36, 'nisi eu orci mauris lacinia sapien quis libero nullam sit amet turpis elementum ligula vehicula', 0, 0, '28/11/2018', 1, 11);
insert into Comment (ID, content, number_of_likes, number_of_dislikes, date, IDvideo, IDuser) values (37, 'nullam varius nulla facilisi cras', 0, 0, '20/08/2019', 25, 25);
insert into Comment (ID, content, number_of_likes, number_of_dislikes, date, IDvideo, IDuser) values (38, 'hac habitasse platea dictumst aliquam augue quam sollicitudin vitae consectetuer eget rutrum', 0, 0, '22/02/2020', 28, 28);
insert into Comment (ID, content, number_of_likes, number_of_dislikes, date, IDvideo, IDuser) values (39, 'velit eu est congue elementum in hac habitasse platea dictumst morbi vestibulum', 0, 0, '21/03/2020', 10, 5);
insert into Comment (ID, content, number_of_likes, number_of_dislikes, date, IDvideo, IDuser) values (40, 'nullam orci pede venenatis non sodales sed tincidunt eu felis fusce posuere felis sed lacus', 0, 0, '03/08/2018', 31, 36);
insert into Comment (ID, content, number_of_likes, number_of_dislikes, date, IDvideo, IDuser) values (41, 'sit amet sem fusce consequat nulla nisl nunc nisl', 0, 0, '21/05/2019', 33, 35);
insert into Comment (ID, content, number_of_likes, number_of_dislikes, date, IDvideo, IDuser) values (42, 'ipsum primis in faucibus orci', 0, 0, '17/02/2020', 45, 45);
insert into Comment (ID, content, number_of_likes, number_of_dislikes, date, IDvideo, IDuser) values (43, 'curabitur at ipsum ac tellus', 0, 0, '04/10/2018', 24, 25);
insert into Comment (ID, content, number_of_likes, number_of_dislikes, date, IDvideo, IDuser) values (44, 'justo aliquam quis turpis eget elit sodales scelerisque', 0, 0, '09/04/2019', 50, 38);
insert into Comment (ID, content, number_of_likes, number_of_dislikes, date, IDvideo, IDuser) values (45, 'tortor sollicitudin mi sit amet lobortis sapien sapien non mi integer ac neque', 0, 0, '31/05/2019', 45, 25);
insert into Comment (ID, content, number_of_likes, number_of_dislikes, date, IDvideo, IDuser) values (46, 'mauris sit amet eros suspendisse accumsan tortor quis turpis sed ante', 0, 0, '11/11/2019', 20, 45);
insert into Comment (ID, content, number_of_likes, number_of_dislikes, date, IDvideo, IDuser) values (47, 'placerat praesent blandit nam nulla', 0, 0, '22/12/2018', 1, 3);
insert into Comment (ID, content, number_of_likes, number_of_dislikes, date, IDvideo, IDuser) values (48, 'duis ac nibh fusce lacus purus aliquet at feugiat', 0, 0, '08/09/2018', 25, 4);
insert into Comment (ID, content, number_of_likes, number_of_dislikes, date, IDvideo, IDuser) values (49, 'orci pede venenatis non sodales sed tincidunt eu felis fusce', 0, 0, '28/07/2019', 21, 50);
insert into Comment (ID, content, number_of_likes, number_of_dislikes, date, IDvideo, IDuser) values (50, 'felis sed interdum venenatis turpis enim blandit mi in porttitor pede justo eu massa', 0, 0, '18/09/2019', 14, 4);
insert into Comment (ID, content, number_of_likes, number_of_dislikes, date, IDannouncement, IDuser) values (51, 'nibh in quis justo maecenas rhoncus aliquam', 0, 0, '16/03/2019', 28, 4);
insert into Comment (ID, content, number_of_likes, number_of_dislikes, date, IDannouncement, IDuser) values (52, 'risus dapibus augue vel', 0, 0, '01/01/2019', 24, 41);
insert into Comment (ID, content, number_of_likes, number_of_dislikes, date, IDannouncement, IDuser) values (53, 'pharetra magna vestibulum aliquet ultrices erat tortor sollicitudin mi sit amet lobortis sapien sapien non', 0, 0, '21/12/2018', 11, 25);
insert into Comment (ID, content, number_of_likes, number_of_dislikes, date, IDannouncement, IDuser) values (54, 'tincidunt in leo maecenas', 0, 0, '15/01/2019', 20, 47);
insert into Comment (ID, content, number_of_likes, number_of_dislikes, date, IDannouncement, IDuser) values (55, 'consectetuer adipiscing elit proin risus', 0, 0, '13/10/2018', 4, 44);
insert into Comment (ID, content, number_of_likes, number_of_dislikes, date, IDannouncement, IDuser) values (56, 'eu magna vulputate luctus cum sociis natoque penatibus et', 0, 0, '18/01/2020', 19, 40);
insert into Comment (ID, content, number_of_likes, number_of_dislikes, date, IDannouncement, IDuser) values (57, 'est donec odio justo sollicitudin ut suscipit a feugiat et eros vestibulum ac', 0, 0, '20/10/2019', 20, 29);
insert into Comment (ID, content, number_of_likes, number_of_dislikes, date, IDannouncement, IDuser) values (58, 'nonummy maecenas tincidunt lacus at velit vivamus', 0, 0, '24/12/2019', 19, 29);
insert into Comment (ID, content, number_of_likes, number_of_dislikes, date, IDannouncement, IDuser) values (59, 'nulla nisl nunc nisl duis bibendum felis sed interdum venenatis turpis enim', 0, 0, '02/10/2018', 1, 22);
insert into Comment (ID, content, number_of_likes, number_of_dislikes, date, IDannouncement, IDuser) values (60, 'ligula nec sem duis aliquam convallis nunc proin at turpis a pede posuere nonummy integer', 0, 0, '25/02/2020', 9, 47);
insert into Comment (ID, content, number_of_likes, number_of_dislikes, date, IDannouncement, IDuser) values (61, 'nunc purus phasellus in felis donec semper sapien a libero nam dui', 0, 0, '13/10/2019', 3, 16);
insert into Comment (ID, content, number_of_likes, number_of_dislikes, date, IDannouncement, IDuser) values (62, 'phasellus id sapien in sapien iaculis congue vivamus metus arcu adipiscing', 0, 0, '18/02/2020', 17, 37);
insert into Comment (ID, content, number_of_likes, number_of_dislikes, date, IDannouncement, IDuser) values (63, 'luctus et ultrices posuere', 0, 0, '23/04/2019', 16, 29);
insert into Comment (ID, content, number_of_likes, number_of_dislikes, date, IDannouncement, IDuser) values (64, 'suspendisse accumsan tortor quis turpis sed ante vivamus tortor duis', 0, 0, '03/10/2019', 29, 13);
insert into Comment (ID, content, number_of_likes, number_of_dislikes, date, IDannouncement, IDuser) values (65, 'ultricies eu nibh quisque id justo sit', 0, 0, '03/11/2018', 19, 25);
insert into Comment (ID, content, number_of_likes, number_of_dislikes, date, IDannouncement, IDuser) values (66, 'volutpat eleifend donec ut dolor morbi vel lectus in quam fringilla rhoncus', 0, 0, '19/03/2020', 7, 33);
insert into Comment (ID, content, number_of_likes, number_of_dislikes, date, IDannouncement, IDuser) values (67, 'quisque arcu libero rutrum ac lobortis vel', 0, 0, '11/12/2018', 2, 34);
insert into Comment (ID, content, number_of_likes, number_of_dislikes, date, IDannouncement, IDuser) values (68, 'cras non velit nec', 0, 0, '15/01/2020', 8, 21);
insert into Comment (ID, content, number_of_likes, number_of_dislikes, date, IDannouncement, IDuser) values (69, 'montes nascetur ridiculus mus etiam vel augue vestibulum', 0, 0, '16/04/2020', 5, 1);
insert into Comment (ID, content, number_of_likes, number_of_dislikes, date, IDannouncement, IDuser) values (70, 'primis in faucibus orci luctus', 0, 0, '27/01/2019', 15, 48);
insert into Comment (ID, content, number_of_likes, number_of_dislikes, date, IDannouncement, IDuser) values (71, 'et ultrices posuere cubilia', 0, 0, '29/03/2019', 28, 25);
insert into Comment (ID, content, number_of_likes, number_of_dislikes, date, IDannouncement, IDuser) values (72, 'iaculis diam erat fermentum justo nec condimentum neque sapien placerat ante nulla justo', 0, 0, '28/04/2019', 11, 20);
insert into Comment (ID, content, number_of_likes, number_of_dislikes, date, IDannouncement, IDuser) values (73, 'auctor sed tristique in tempus sit amet sem fusce consequat nulla nisl nunc nisl duis', 0, 0, '26/12/2019', 16, 15);
insert into Comment (ID, content, number_of_likes, number_of_dislikes, date, IDannouncement, IDuser) values (74, 'ultrices posuere cubilia curae mauris viverra diam vitae quam suspendisse potenti nullam porttitor lacus', 0, 0, '14/01/2019', 8, 24);
insert into Comment (ID, content, number_of_likes, number_of_dislikes, date, IDannouncement, IDuser) values (75, 'pede justo eu', 0, 0, '03/11/2019', 30, 8);
insert into Comment (ID, content, number_of_likes, number_of_dislikes, date, IDannouncement, IDuser) values (76, 'tempus vivamus in', 0, 0, '07/05/2019', 19, 40);
insert into Comment (ID, content, number_of_likes, number_of_dislikes, date, IDannouncement, IDuser) values (77, 'facilisi cras non velit nec nisi vulputate nonummy maecenas tincidunt lacus at velit vivamus vel', 0, 0, '11/06/2018', 17, 40);
insert into Comment (ID, content, number_of_likes, number_of_dislikes, date, IDannouncement, IDuser) values (78, 'tincidunt eget tempus vel pede morbi porttitor lorem id ligula suspendisse ornare', 0, 0, '24/05/2018', 22, 36);
insert into Comment (ID, content, number_of_likes, number_of_dislikes, date, IDannouncement, IDuser) values (79, 'a feugiat et eros vestibulum ac est lacinia nisi', 0, 0, '03/02/2019', 30, 29);
insert into Comment (ID, content, number_of_likes, number_of_dislikes, date, IDannouncement, IDuser) values (80, 'faucibus accumsan odio curabitur', 0, 0, '21/08/2018', 29, 12);
insert into Comment (ID, content, number_of_likes, number_of_dislikes, date, IDannouncement, IDuser) values (81, 'in hac habitasse platea dictumst maecenas ut massa quis augue luctus tincidunt nulla', 0, 0, '11/06/2019', 8, 11);
insert into Comment (ID, content, number_of_likes, number_of_dislikes, date, IDannouncement, IDuser) values (82, 'duis bibendum felis sed interdum venenatis turpis enim blandit mi in porttitor', 0, 0, '18/11/2018', 13, 48);
insert into Comment (ID, content, number_of_likes, number_of_dislikes, date, IDannouncement, IDuser) values (83, 'elementum eu interdum eu tincidunt in leo maecenas pulvinar lobortis est phasellus', 0, 0, '17/09/2018', 28, 6);
insert into Comment (ID, content, number_of_likes, number_of_dislikes, date, IDannouncement, IDuser) values (84, 'nisi venenatis tristique fusce congue diam', 0, 0, '20/08/2019', 3, 21);
insert into Comment (ID, content, number_of_likes, number_of_dislikes, date, IDannouncement, IDuser) values (85, 'sit amet nulla quisque arcu libero rutrum ac lobortis vel', 0, 0, '14/07/2019', 24, 6);
insert into Comment (ID, content, number_of_likes, number_of_dislikes, date, IDannouncement, IDuser) values (86, 'etiam pretium iaculis justo', 0, 0, '20/10/2019', 25, 31);
insert into Comment (ID, content, number_of_likes, number_of_dislikes, date, IDannouncement, IDuser) values (87, 'nulla suscipit ligula in lacus curabitur at', 0, 0, '16/11/2018', 11, 7);
insert into Comment (ID, content, number_of_likes, number_of_dislikes, date, IDannouncement, IDuser) values (88, 'felis eu sapien cursus vestibulum proin eu mi', 0, 0, '27/04/2019', 21, 50);
insert into Comment (ID, content, number_of_likes, number_of_dislikes, date, IDannouncement, IDuser) values (89, 'pretium quis lectus suspendisse potenti in eleifend quam a odio in hac habitasse platea dictumst', 0, 0, '15/09/2019', 19, 42);
insert into Comment (ID, content, number_of_likes, number_of_dislikes, date, IDannouncement, IDuser) values (90, 'felis donec semper sapien a', 0, 0, '21/02/2020', 26, 45);
insert into Comment (ID, content, number_of_likes, number_of_dislikes, date, IDannouncement, IDuser) values (91, 'quam sapien varius ut blandit non interdum in ante vestibulum', 0, 0, '14/01/2020', 22, 21);
insert into Comment (ID, content, number_of_likes, number_of_dislikes, date, IDannouncement, IDuser) values (92, 'venenatis lacinia aenean sit amet justo morbi ut', 0, 0, '14/05/2019', 12, 44);
insert into Comment (ID, content, number_of_likes, number_of_dislikes, date, IDannouncement, IDuser) values (93, 'quam sapien varius ut blandit non interdum in', 0, 0, '28/03/2019', 18, 10);
insert into Comment (ID, content, number_of_likes, number_of_dislikes, date, IDannouncement, IDuser) values (94, 'arcu sed augue aliquam', 0, 0, '21/12/2018', 16, 21);
insert into Comment (ID, content, number_of_likes, number_of_dislikes, date, IDannouncement, IDuser) values (95, 'sagittis nam congue risus', 0, 0, '23/12/2018', 5, 7);
insert into Comment (ID, content, number_of_likes, number_of_dislikes, date, IDannouncement, IDuser) values (96, 'tristique in tempus sit amet sem fusce consequat nulla nisl nunc nisl duis', 0, 0, '07/12/2018', 2, 42);
insert into Comment (ID, content, number_of_likes, number_of_dislikes, date, IDannouncement, IDuser) values (97, 'et magnis dis parturient montes nascetur ridiculus mus etiam', 0, 0, '22/05/2018', 1, 50);
insert into Comment (ID, content, number_of_likes, number_of_dislikes, date, IDannouncement, IDuser) values (98, 'risus auctor sed tristique in tempus sit', 0, 0, '02/07/2019', 8, 15);
insert into Comment (ID, content, number_of_likes, number_of_dislikes, date, IDannouncement, IDuser) values (99, 'donec diam neque vestibulum eget vulputate ut ultrices', 0, 0, '11/06/2018', 26, 7);
insert into Comment (ID, content, number_of_likes, number_of_dislikes, date, IDannouncement, IDuser) values (100, 'rhoncus dui vel sem sed sagittis nam congue risus semper porta volutpat', 0, 0, '25/12/2018', 20, 34);

insert into Replies (IDReply, IDmainComment) values (15, 36);
insert into Replies (IDReply, IDmainComment) values (30, 40);
insert into Replies (IDReply, IDmainComment) values (76, 75);
insert into Replies (IDReply, IDmainComment) values (37, 48);
insert into Replies (IDReply, IDmainComment) values (84, 63);
insert into Replies (IDReply, IDmainComment) values (14, 46);
insert into Replies (IDReply, IDmainComment) values (38, 15);
insert into Replies (IDReply, IDmainComment) values (54, 74);
insert into Replies (IDReply, IDmainComment) values (71, 34);
insert into Replies (IDReply, IDmainComment) values (33, 73);
insert into Replies (IDReply, IDmainComment) values (51, 88);
insert into Replies (IDReply, IDmainComment) values (46, 52);
insert into Replies (IDReply, IDmainComment) values (75, 48);
insert into Replies (IDReply, IDmainComment) values (72, 82);
insert into Replies (IDReply, IDmainComment) values (89, 29);
insert into Replies (IDReply, IDmainComment) values (79, 12);
insert into Replies (IDReply, IDmainComment) values (22, 12);
insert into Replies (IDReply, IDmainComment) values (43, 69);
insert into Replies (IDReply, IDmainComment) values (64, 66);
insert into Replies (IDReply, IDmainComment) values (27, 62);
insert into Replies (IDReply, IDmainComment) values (1, 10);
insert into Replies (IDReply, IDmainComment) values (53, 89);
insert into Replies (IDReply, IDmainComment) values (6, 38);
insert into Replies (IDReply, IDmainComment) values (78, 24);
insert into Replies (IDReply, IDmainComment) values (88, 35);
insert into Replies (IDReply, IDmainComment) values (81, 29);
insert into Replies (IDReply, IDmainComment) values (83, 32);
insert into Replies (IDReply, IDmainComment) values (52, 85);
insert into Replies (IDReply, IDmainComment) values (23, 2);
insert into Replies (IDReply, IDmainComment) values (77, 53);
insert into Replies (IDReply, IDmainComment) values (7, 48);
insert into Replies (IDReply, IDmainComment) values (41, 8);
insert into Replies (IDReply, IDmainComment) values (39, 48);
insert into Replies (IDReply, IDmainComment) values (12, 7);
insert into Replies (IDReply, IDmainComment) values (16, 18);
insert into Replies (IDReply, IDmainComment) values (86, 21);
insert into Replies (IDReply, IDmainComment) values (29, 28);
insert into Replies (IDReply, IDmainComment) values (9, 72);
insert into Replies (IDReply, IDmainComment) values (26, 74);
insert into Replies (IDReply, IDmainComment) values (42, 74);
insert into Replies (IDReply, IDmainComment) values (17, 21);
insert into Replies (IDReply, IDmainComment) values (63, 85);


insert into TagChannel (idChannel, idTag) values (41, 26);
insert into TagChannel (idChannel, idTag) values (20, 25);
insert into TagChannel (idChannel, idTag) values (26, 35);
insert into TagChannel (idChannel, idTag) values (5, 45);
insert into TagChannel (idChannel, idTag) values (22, 11);
insert into TagChannel (idChannel, idTag) values (30, 29);
insert into TagChannel (idChannel, idTag) values (19, 11);
insert into TagChannel (idChannel, idTag) values (17, 48);
insert into TagChannel (idChannel, idTag) values (43, 10);
insert into TagChannel (idChannel, idTag) values (48, 34);
insert into TagChannel (idChannel, idTag) values (42, 37);
insert into TagChannel (idChannel, idTag) values (24, 20);
insert into TagChannel (idChannel, idTag) values (10, 14);
insert into TagChannel (idChannel, idTag) values (35, 10);
insert into TagChannel (idChannel, idTag) values (19, 12);
insert into TagChannel (idChannel, idTag) values (25, 8);
insert into TagChannel (idChannel, idTag) values (8, 4);
insert into TagChannel (idChannel, idTag) values (16, 21);
insert into TagChannel (idChannel, idTag) values (3, 7);
insert into TagChannel (idChannel, idTag) values (15, 24);
insert into TagChannel (idChannel, idTag) values (34, 27);
insert into TagChannel (idChannel, idTag) values (48, 27);
insert into TagChannel (idChannel, idTag) values (25, 44);
insert into TagChannel (idChannel, idTag) values (25, 12);
insert into TagChannel (idChannel, idTag) values (49, 19);
insert into TagChannel (idChannel, idTag) values (1, 16);
insert into TagChannel (idChannel, idTag) values (20, 32);
insert into TagChannel (idChannel, idTag) values (45, 17);
insert into TagChannel (idChannel, idTag) values (6, 28);
insert into TagChannel (idChannel, idTag) values (25, 6);
insert into TagChannel (idChannel, idTag) values (37, 39);
insert into TagChannel (idChannel, idTag) values (31, 36);
insert into TagChannel (idChannel, idTag) values (22, 21);
insert into TagChannel (idChannel, idTag) values (46, 27);
insert into TagChannel (idChannel, idTag) values (25, 41);
insert into TagChannel (idChannel, idTag) values (30, 21);
insert into TagChannel (idChannel, idTag) values (50, 50);
insert into TagChannel (idChannel, idTag) values (10, 24);
insert into TagChannel (idChannel, idTag) values (19, 5);
insert into TagChannel (idChannel, idTag) values (12, 33);
insert into TagChannel (idChannel, idTag) values (32, 16);
insert into TagChannel (idChannel, idTag) values (38, 10);
insert into TagChannel (idChannel, idTag) values (44, 38);
insert into TagChannel (idChannel, idTag) values (47, 49);
insert into TagChannel (idChannel, idTag) values (24, 44);
insert into TagChannel (idChannel, idTag) values (27, 28);
insert into TagChannel (idChannel, idTag) values (49, 16);
insert into TagChannel (idChannel, idTag) values (41, 16);
insert into TagChannel (idChannel, idTag) values (28, 36);
insert into TagChannel (idChannel, idTag) values (1, 43);
insert into TagChannel (idChannel, idTag) values (18, 29);
insert into TagChannel (idChannel, idTag) values (28, 30);
insert into TagChannel (idChannel, idTag) values (25, 41);
insert into TagChannel (idChannel, idTag) values (5, 15);
insert into TagChannel (idChannel, idTag) values (43, 8);
insert into TagChannel (idChannel, idTag) values (12, 48);
insert into TagChannel (idChannel, idTag) values (22, 16);
insert into TagChannel (idChannel, idTag) values (32, 3);
insert into TagChannel (idChannel, idTag) values (30, 40);
insert into TagChannel (idChannel, idTag) values (12, 33);
insert into TagChannel (idChannel, idTag) values (21, 26);
insert into TagChannel (idChannel, idTag) values (4, 41);
insert into TagChannel (idChannel, idTag) values (4, 40);
insert into TagChannel (idChannel, idTag) values (8, 24);
insert into TagChannel (idChannel, idTag) values (49, 46);
insert into TagChannel (idChannel, idTag) values (9, 42);
insert into TagChannel (idChannel, idTag) values (33, 38);
insert into TagChannel (idChannel, idTag) values (41, 46);
insert into TagChannel (idChannel, idTag) values (19, 1);
insert into TagChannel (idChannel, idTag) values (8, 26);
insert into TagChannel (idChannel, idTag) values (10, 38);
insert into TagChannel (idChannel, idTag) values (25, 28);
insert into TagChannel (idChannel, idTag) values (40, 47);
insert into TagChannel (idChannel, idTag) values (33, 5);
insert into TagChannel (idChannel, idTag) values (29, 8);
insert into TagChannel (idChannel, idTag) values (3, 33);
insert into TagChannel (idChannel, idTag) values (5, 19);
insert into TagChannel (idChannel, idTag) values (29, 30);
insert into TagChannel (idChannel, idTag) values (21, 18);
insert into TagChannel (idChannel, idTag) values (24, 26);
insert into TagChannel (idChannel, idTag) values (1, 7);
insert into TagChannel (idChannel, idTag) values (30, 44);
insert into TagChannel (idChannel, idTag) values (41, 31);
insert into TagChannel (idChannel, idTag) values (29, 1);
insert into TagChannel (idChannel, idTag) values (7, 33);
insert into TagChannel (idChannel, idTag) values (6, 42);
insert into TagChannel (idChannel, idTag) values (41, 28);
insert into TagChannel (idChannel, idTag) values (30, 19);
insert into TagChannel (idChannel, idTag) values (31, 36);
insert into TagChannel (idChannel, idTag) values (37, 10);
insert into TagChannel (idChannel, idTag) values (23, 46);
insert into TagChannel (idChannel, idTag) values (11, 29);
insert into TagChannel (idChannel, idTag) values (17, 11);
insert into TagChannel (idChannel, idTag) values (34, 47);
insert into TagChannel (idChannel, idTag) values (30, 15);
insert into TagChannel (idChannel, idTag) values (21, 43);
insert into TagChannel (idChannel, idTag) values (7, 41);
insert into TagChannel (idChannel, idTag) values (32, 40);
insert into TagChannel (idChannel, idTag) values (20, 15);
insert into TagChannel (idChannel, idTag) values (42, 50);

insert into TagVideo (IDvideo, IDtag) values (58, 30);
insert into TagVideo (IDvideo, IDtag) values (51, 38);
insert into TagVideo (IDvideo, IDtag) values (1, 5);
insert into TagVideo (IDvideo, IDtag) values (51, 11);
insert into TagVideo (IDvideo, IDtag) values (39, 36);
insert into TagVideo (IDvideo, IDtag) values (29, 46);
insert into TagVideo (IDvideo, IDtag) values (10, 64);
insert into TagVideo (IDvideo, IDtag) values (64, 43);
insert into TagVideo (IDvideo, IDtag) values (62, 78);
insert into TagVideo (IDvideo, IDtag) values (33, 4);
insert into TagVideo (IDvideo, IDtag) values (65, 16);
insert into TagVideo (IDvideo, IDtag) values (53, 62);
insert into TagVideo (IDvideo, IDtag) values (22, 73);
insert into TagVideo (IDvideo, IDtag) values (50, 13);
insert into TagVideo (IDvideo, IDtag) values (43, 17);
insert into TagVideo (IDvideo, IDtag) values (38, 71);
insert into TagVideo (IDvideo, IDtag) values (58, 37);
insert into TagVideo (IDvideo, IDtag) values (28, 59);
insert into TagVideo (IDvideo, IDtag) values (1, 73);
insert into TagVideo (IDvideo, IDtag) values (20, 55);
insert into TagVideo (IDvideo, IDtag) values (26, 46);
insert into TagVideo (IDvideo, IDtag) values (60, 25);
insert into TagVideo (IDvideo, IDtag) values (19, 20);
insert into TagVideo (IDvideo, IDtag) values (63, 38);
insert into TagVideo (IDvideo, IDtag) values (65, 45);
insert into TagVideo (IDvideo, IDtag) values (12, 18);
insert into TagVideo (IDvideo, IDtag) values (65, 78);
insert into TagVideo (IDvideo, IDtag) values (77, 61);
insert into TagVideo (IDvideo, IDtag) values (32, 53);
insert into TagVideo (IDvideo, IDtag) values (74, 14);
insert into TagVideo (IDvideo, IDtag) values (7, 1);
insert into TagVideo (IDvideo, IDtag) values (33, 40);
insert into TagVideo (IDvideo, IDtag) values (79, 15);
insert into TagVideo (IDvideo, IDtag) values (61, 5);
insert into TagVideo (IDvideo, IDtag) values (52, 17);
insert into TagVideo (IDvideo, IDtag) values (38, 43);
insert into TagVideo (IDvideo, IDtag) values (4, 14);
insert into TagVideo (IDvideo, IDtag) values (59, 54);
insert into TagVideo (IDvideo, IDtag) values (23, 52);
insert into TagVideo (IDvideo, IDtag) values (38, 63);


