--Data : User

insert into User (id, email, password, history_active, monthly_subscription, name) values (1, 'bmulvenna0@ehow.com', 'CwiHut', 1, '1.83', 'Blake Mulvenna');
insert into User (id, email, password, history_active, monthly_subscription, name) values (2, 'tcellier1@wix.com', 'BmLElHAlPte', 0, '5.64', 'Tiffani Cellier');
insert into User (id, email, password, history_active, monthly_subscription, name) values (3, 'bblaydes2@timesonline.co.uk', 'WJ3fp9H', 0, '5.70', 'Bo Blaydes');
insert into User (id, email, password, history_active, monthly_subscription, name) values (4, 'dholbury3@intel.com', 'Kc2kSOp', 0, '3.02', 'D''arcy Holbury');
insert into User (id, email, password, history_active, monthly_subscription, name) values (5, 'rwathell4@cyberchimps.com', 'ywj4u2rKAA1S', 1, '0.24', 'Reece Wathell');
insert into User (id, email, password, history_active, monthly_subscription, name) values (6, 'broycroft5@zdnet.com', '9gugpI6HnG', 1, '6.16', 'Bibbye Roycroft');
insert into User (id, email, password, history_active, monthly_subscription, name) values (7, 'jegentan6@zimbio.com', 'YVFI9DMQT', 0, '2.27', 'Jeanne Egentan');
insert into User (id, email, password, history_active, monthly_subscription, name) values (8, 'sbess7@paypal.com', 't5u1kooxPmb', 1, '1.45', 'Serena Bess');
insert into User (id, email, password, history_active, monthly_subscription, name) values (9, 'jmccanny8@tamu.edu', 'IX4k1Yq', 0, '2.91', 'Johannes McCanny');
insert into User (id, email, password, history_active, monthly_subscription, name) values (10, 'mbosson9@epa.gov', 'ETKyVMW', 1, '0.04', 'Meg Bosson');
insert into User (id, email, password, history_active, monthly_subscription, name) values (11, 'bfranssenia@comcast.net', 'ejShv8yrx', 1, '1.40', 'Bertina Fransseni');
insert into User (id, email, password, history_active, monthly_subscription, name) values (12, 'dhamblynb@vistaprint.com', 'kQbHkTeTOWg7', 1, '9.60', 'Dennet Hamblyn');
insert into User (id, email, password, history_active, monthly_subscription, name) values (13, 'gswanstonc@techcrunch.com', 'B1NJXTpB', 1, '9.84', 'Garik Swanston');
insert into User (id, email, password, history_active, monthly_subscription, name) values (14, 'dbemandd@constantcontact.com', 'TPEOsUbQhK', 0, '3.36', 'Dawn Bemand');
insert into User (id, email, password, history_active, monthly_subscription, name) values (15, 'bglasscoee@thetimes.co.uk', 'zGa3wrBAJGn7', 1, '5.81', 'Burl Glasscoe');
insert into User (id, email, password, history_active, monthly_subscription, name) values (16, 'csterndalef@google.ca', 'aMZ5QinKQV', 0, '0.00', 'Clemmie Sterndale');
insert into User (id, email, password, history_active, monthly_subscription, name) values (17, 'atopingg@zimbio.com', 'GGfWPg', 0, '7.40', 'Arel Toping');
insert into User (id, email, password, history_active, monthly_subscription, name) values (18, 'ihalsallh@wikimedia.org', '4VtH8vF', 1, '3.45', 'Iris Halsall');
insert into User (id, email, password, history_active, monthly_subscription, name) values (19, 'rstorcki@yellowbook.com', 'Syzv50ra5', 0, '2.45', 'Raven Storck');
insert into User (id, email, password, history_active, monthly_subscription, name) values (20, 'frissoj@guardian.co.uk', 'wnJGPUkG5', 0, '2.86', 'Frayda Risso');
insert into User (id, email, password, history_active, monthly_subscription, name) values (21, 'fdannelk@cpanel.net', 'Fu9kiPX', 0, '0.43', 'Friedrick Dannel');
insert into User (id, email, password, history_active, monthly_subscription, name) values (22, 'marblasterl@cmu.edu', 'p3TauVIMMZO', 1, '1.93', 'Meggy Arblaster');
insert into User (id, email, password, history_active, monthly_subscription, name) values (23, 'cmattheissenm@cornell.edu', 'jDOyBmZuA7L', 1, '1.10', 'Christyna Mattheissen');
insert into User (id, email, password, history_active, monthly_subscription, name) values (24, 'gbeadlesn@cnn.com', 'xplqTh', 1, '8.21', 'Giovanni Beadles');
insert into User (id, email, password, history_active, monthly_subscription, name) values (25, 'gthompsono@tripod.com', 'EMx2OpILPt', 1, '6.14', 'Gabrila Thompson');
insert into User (id, email, password, history_active, monthly_subscription, name) values (26, 'sklimpkep@reuters.com', 'RNRQgLc2AJo', 1, '0.11', 'Shelley Klimpke');
insert into User (id, email, password, history_active, monthly_subscription, name) values (27, 'hdulingq@home.pl', 'Z5tRa2Lto', 1, '4.35', 'Henri Duling');
insert into User (id, email, password, history_active, monthly_subscription, name) values (28, 'crapportr@ucoz.com', 'KngVFgBy', 0, '6.14', 'Casie Rapport');
insert into User (id, email, password, history_active, monthly_subscription, name) values (29, 'llastys@weibo.com', 'A8Vz7c', 1, '9.54', 'Lulu Lasty');
insert into User (id, email, password, history_active, monthly_subscription, name) values (30, 'sbastint@moonfruit.com', 'wJaWtM7p', 0, '2.53', 'Sergent Bastin');
insert into User (id, email, password, history_active, monthly_subscription, name) values (31, 'lsibberingu@instagram.com', 'ffb3Hv2anB', 0, '5.84', 'Louise Sibbering');
insert into User (id, email, password, history_active, monthly_subscription, name) values (32, 'dshonev@ucoz.com', 'IkvLiOt1rzU', 1, '7.01', 'Daveen Shone');
insert into User (id, email, password, history_active, monthly_subscription, name) values (33, 'chumbellw@deviantart.com', 'VaVVIkHMA', 0, '9.94', 'Cordula Humbell');
insert into User (id, email, password, history_active, monthly_subscription, name) values (34, 'ldandx@google.co.uk', 'ShOZcNrDqx', 0, '6.05', 'Lia Dand');
insert into User (id, email, password, history_active, monthly_subscription, name) values (35, 'cbourrely@europa.eu', 'shNhoThyuYHp', 1, '5.77', 'Clarke Bourrel');
insert into User (id, email, password, history_active, monthly_subscription, name) values (36, 'yhathornz@4shared.com', 'oKAVOIxV0GHy', 1, '8.27', 'Yorke Hathorn');
insert into User (id, email, password, history_active, monthly_subscription, name) values (37, 'awestcarr10@ifeng.com', 'dJzNkMWfev', 1, '0.07', 'Allin Westcarr');
insert into User (id, email, password, history_active, monthly_subscription, name) values (38, 'ptampling11@latimes.com', 'fiu99M4VE1wU', 0, '9.16', 'Pyotr Tampling');
insert into User (id, email, password, history_active, monthly_subscription, name) values (39, 'oiacobini12@java.com', 'bGSoHbqRS', 0, '1.97', 'Opalina Iacobini');
insert into User (id, email, password, history_active, monthly_subscription, name) values (40, 'hdonoher13@yale.edu', 'k3m6HjX', 1, '5.55', 'Hadlee Donoher');
insert into User (id, email, password, history_active, monthly_subscription, name) values (41, 'gshave14@google.it', 's7uqjR3', 0, '8.09', 'Guinna Shave');
insert into User (id, email, password, history_active, monthly_subscription, name) values (42, 'smilley15@adobe.com', 'wrCK1YNnyMve', 0, '5.19', 'Sol Milley');
insert into User (id, email, password, history_active, monthly_subscription, name) values (43, 'acowlas16@spiegel.de', 'nSBUnqEWLEM', 0, '5.03', 'Aland Cowlas');
insert into User (id, email, password, history_active, monthly_subscription, name) values (44, 'adarwin17@alibaba.com', 'oIMtkDz7', 1, '6.85', 'Adi Darwin');
insert into User (id, email, password, history_active, monthly_subscription, name) values (45, 'bwinscum18@storify.com', 'kurC7eSZI', 1, '7.38', 'Bart Winscum');
insert into User (id, email, password, history_active, monthly_subscription, name) values (46, 'tetty19@pen.io', 'Wp9ygDL0DKNy', 0, '3.00', 'Tann Etty');
insert into User (id, email, password, history_active, monthly_subscription, name) values (47, 'ksambals1a@eventbrite.com', 'rHwp4qekb', 1, '4.78', 'Kay Sambals');
insert into User (id, email, password, history_active, monthly_subscription, name) values (48, 'rtheriot1b@state.tx.us', '5Xs8w1D1upcC', 0, '5.05', 'Rab Theriot');
insert into User (id, email, password, history_active, monthly_subscription, name) values (49, 'bbettenay1c@devhub.com', 'EknibWwAfX', 1, '6.54', 'Bebe Bettenay');
insert into User (id, email, password, history_active, monthly_subscription, name) values (50, 'sgoodlud1d@guardian.co.uk', '8R7Tv22Y9p', 0, '0.72', 'Shandee Goodlud');

--Tag

insert into Tag (name) values ('wrenching');
insert into Tag (name) values ('funneled');
insert into Tag (name) values ('purify');
insert into Tag (name) values ('cleavers');
insert into Tag (name) values ('embalms');
insert into Tag (name) values ('overweight''s');
insert into Tag (name) values ('impossibly');
insert into Tag (name) values ('etiquette''s');
--insert into Tag (name) values ('impossibly');
insert into Tag (name) values ('spookiest');
insert into Tag (name) values ('mapped');
insert into Tag (name) values ('impinged');
insert into Tag (name) values ('perusing');
insert into Tag (name) values ('clam');
--insert into Tag (name) values ('etiquette''s');
insert into Tag (name) values ('infers');
insert into Tag (name) values ('titillate');
insert into Tag (name) values ('wont''s');
--insert into Tag (name) values ('perusing');
insert into Tag (name) values ('lept');
insert into Tag (name) values ('gin''s');
insert into Tag (name) values ('corkscrews');
insert into Tag (name) values ('transcending');
insert into Tag (name) values ('broadsides');
insert into Tag (name) values ('true''s');
insert into Tag (name) values ('lightweight''s');
insert into Tag (name) values ('restaurant''s');
insert into Tag (name) values ('wiring''s');
insert into Tag (name) values ('pedestal''s');
insert into Tag (name) values ('majored');
insert into Tag (name) values ('universal');
insert into Tag (name) values ('publicizing');
insert into Tag (name) values ('cremations');
insert into Tag (name) values ('amok');
insert into Tag (name) values ('navigation''s');
insert into Tag (name) values ('gratify');
insert into Tag (name) values ('harmonize');
insert into Tag (name) values ('easels');
insert into Tag (name) values ('livens');
insert into Tag (name) values ('huddles');
insert into Tag (name) values ('lurked');
insert into Tag (name) values ('quaking');
insert into Tag (name) values ('wholehearted');
insert into Tag (name) values ('innuendoes');
insert into Tag (name) values ('colanders');
insert into Tag (name) values ('gauntlets');
insert into Tag (name) values ('dressier');
insert into Tag (name) values ('worshipper''s');
insert into Tag (name) values ('repression''s');
insert into Tag (name) values ('name');
insert into Tag (name) values ('inaction');
insert into Tag (name) values ('twelve''s');


--Data : Channel

insert into Channel (URL, userID, number_of_subscribers, number_of_views, avatar, description, tagName) values ('www.bdadtube.com/Norean Olivello', 1, 42, 8, 'robohash.org/delenitioccaecatimolestiae.jpg?size=50x50&set=set1', 'Aliquam erat volutpat.', 'purify');
insert into Channel (URL, userID, number_of_subscribers, number_of_views, avatar, description, tagName) values ('www.bdadtube.com/Dudley Jellard', 2, 5, 8, 'robohash.org/omnisavero.jpg?size=50x50&set=set1', 'Mauris sit amet eros. Suspendisse accumsan tortor quis turpis. Sed ante.', 'impinged');
insert into Channel (URL, userID, number_of_subscribers, number_of_views, avatar, description, tagName) values ('www.bdadtube.com/Tabina Lummis', 3, 22, 7, 'robohash.org/laborumquiaet.jpg?size=50x50&set=set1', 'Proin leo odio, porttitor id, consequat in, consequat ut, nulla.', 'etiquette''s');
insert into Channel (URL, userID, number_of_subscribers, number_of_views, avatar, description, tagName) values ('www.bdadtube.com/Jerry Breitler', 4, 11, 25, 'robohash.org/veroperspiciatisfuga.jpg?size=50x50&set=set1', 'Quisque arcu libero, rutrum ac, lobortis vel, dapibus at, diam. Nam tristique tortor eu pede.', 'overweight''s');
insert into Channel (URL, userID, number_of_subscribers, number_of_views, avatar, description, tagName) values ('www.bdadtube.com/Domini Cantu', 5, 19, 18, 'robohash.org/excepturiexfacilis.jpg?size=50x50&set=set1', 'Lorem ipsum dolor sit amet, consectetuer adipiscing elit. Proin risus. Praesent lectus.', 'lurked');
insert into Channel (URL, userID, number_of_subscribers, number_of_views, avatar, description, tagName) values ('www.bdadtube.com/Nisse Sheber', 6, 40, 3, 'robohash.org/enimfacereest.bmp?size=50x50&set=set1', 'Vestibulum ante ipsum primis in faucibus orci luctus et ultrices posuere cubilia Curae; Nulla dapibus dolor vel est. Donec odio justo, sollicitudin ut, suscipit a, feugiat et, eros.', 'corkscrews');
insert into Channel (URL, userID, number_of_subscribers, number_of_views, avatar, description, tagName) values ('www.bdadtube.com/Melisse Divis', 7, 14, 6, 'robohash.org/perspiciatisdoloremquedelectus.bmp?size=50x50&set=set1', 'Donec ut mauris eget massa tempor convallis. Nulla neque libero, convallis eget, eleifend luctus, ultricies eu, nibh. Quisque id justo sit amet sapien dignissim vestibulum.', 'funneled');
insert into Channel (URL, userID, number_of_subscribers, number_of_views, avatar, description, tagName) values ('www.bdadtube.com/Lucien Bourley', 8, 21, 19, 'robohash.org/voluptasullamea.png?size=50x50&set=set1', 'Integer ac neque.', 'impossibly');
insert into Channel (URL, userID, number_of_subscribers, number_of_views, avatar, description, tagName) values ('www.bdadtube.com/Elke Bidewell', 9, 14, 1, 'robohash.org/aliquidoccaecaticonsequatur.png?size=50x50&set=set1', 'Sed sagittis. Nam congue, risus semper porta volutpat, quam pede lobortis ligula, sit amet eleifend pede libero quis orci. Nullam molestie nibh in lectus.', 'infers');
insert into Channel (URL, userID, number_of_subscribers, number_of_views, avatar, description, tagName) values ('www.bdadtube.com/Dulcy Hammond', 10, 16, 13, 'robohash.org/remtemporaeum.bmp?size=50x50&set=set1', 'Nam dui. Proin leo odio, porttitor id, consequat in, consequat ut, nulla. Sed accumsan felis.', 'wont''s');
insert into Channel (URL, userID, number_of_subscribers, number_of_views, avatar, description, tagName) values ('www.bdadtube.com/Danna Storror', 11, 17, 7, 'robohash.org/velitnemoexercitationem.bmp?size=50x50&set=set1', 'In quis justo.', 'embalms');
insert into Channel (URL, userID, number_of_subscribers, number_of_views, avatar, description, tagName) values ('www.bdadtube.com/Pincas Danev', 12, 34, 33, 'robohash.org/veroquiaut.bmp?size=50x50&set=set1', 'Praesent blandit. Nam nulla.', 'embalms');
insert into Channel (URL, userID, number_of_subscribers, number_of_views, avatar, description, tagName) values ('www.bdadtube.com/Arabele Cricket', 13, 40, 1, 'robohash.org/inliberoexpedita.jpg?size=50x50&set=set1', 'Suspendisse accumsan tortor quis turpis. Sed ante. Vivamus tortor.', 'overweight''s');
insert into Channel (URL, userID, number_of_subscribers, number_of_views, avatar, description, tagName) values ('www.bdadtube.com/Dreddy Shimmans', 14, 26, 42, 'robohash.org/iustoquiaomnis.jpg?size=50x50&set=set1', 'Nam dui. Proin leo odio, porttitor id, consequat in, consequat ut, nulla.', 'twelve''s');
insert into Channel (URL, userID, number_of_subscribers, number_of_views, avatar, description, tagName) values ('www.bdadtube.com/Windy Catto', 15, 9, 6, 'robohash.org/numquamabvoluptatibus.bmp?size=50x50&set=set1', 'Nullam varius. Nulla facilisi. Cras non velit nec nisi vulputate nonummy.', 'inaction');
insert into Channel (URL, userID, number_of_subscribers, number_of_views, avatar, description, tagName) values ('www.bdadtube.com/Richy Papaminas', 16, 9, 47, 'robohash.org/aliasdoloresipsa.png?size=50x50&set=set1', 'Vestibulum sed magna at nunc commodo placerat. Praesent blandit. Nam nulla.', 'livens');
insert into Channel (URL, userID, number_of_subscribers, number_of_views, avatar, description, tagName) values ('www.bdadtube.com/Chrisse McTear', 17, 7, 4, 'robohash.org/praesentiumeligendiipsa.png?size=50x50&set=set1', 'Praesent id massa id nisl venenatis lacinia. Aenean sit amet justo. Morbi ut odio.', 'spookiest');
insert into Channel (URL, userID, number_of_subscribers, number_of_views, avatar, description, tagName) values ('www.bdadtube.com/Wallie Folder', 18, 15, 27, 'robohash.org/laborumsitsint.png?size=50x50&set=set1', 'Vivamus vestibulum sagittis sapien. Cum sociis natoque penatibus et magnis dis parturient montes, nascetur ridiculus mus. Etiam vel augue.', 'perusing');
insert into Channel (URL, userID, number_of_subscribers, number_of_views, avatar, description, tagName) values ('www.bdadtube.com/Gwenore Beinisch', 19, 47, 28, 'robohash.org/explicaboipsumet.png?size=50x50&set=set1', 'Suspendisse accumsan tortor quis turpis.', 'restaurant''s');
insert into Channel (URL, userID, number_of_subscribers, number_of_views, avatar, description, tagName) values ('www.bdadtube.com/Malissa Heiden', 20, 30, 25, 'robohash.org/illumnobisut.png?size=50x50&set=set1', 'Phasellus sit amet erat. Nulla tempus.', 'wrenching');
insert into Channel (URL, userID, number_of_subscribers, number_of_views, avatar, description, tagName) values ('www.bdadtube.com/Dani Rivalant', 21, 27, 6, 'robohash.org/facilisisterecusandae.bmp?size=50x50&set=set1', 'Pellentesque ultrices mattis odio.', 'repression''s');
insert into Channel (URL, userID, number_of_subscribers, number_of_views, avatar, description, tagName) values ('www.bdadtube.com/Guido Shanks', 22, 1, 16, 'robohash.org/quametconsequatur.jpg?size=50x50&set=set1', 'Cras non velit nec nisi vulputate nonummy. Maecenas tincidunt lacus at velit. Vivamus vel nulla eget eros elementum pellentesque.', 'perusing');
insert into Channel (URL, userID, number_of_subscribers, number_of_views, avatar, description, tagName) values ('www.bdadtube.com/Eva Murname', 23, 3, 37, 'robohash.org/dolorquaevoluptas.png?size=50x50&set=set1', 'Lorem ipsum dolor sit amet, consectetuer adipiscing elit. Proin risus. Praesent lectus.', 'perusing');
insert into Channel (URL, userID, number_of_subscribers, number_of_views, avatar, description, tagName) values ('www.bdadtube.com/Dawna Checkley', 24, 10, 27, 'robohash.org/aliasautlabore.bmp?size=50x50&set=set1', 'Maecenas leo odio, condimentum id, luctus nec, molestie sed, justo. Pellentesque viverra pede ac diam. Cras pellentesque volutpat dui.', 'impinged');
insert into Channel (URL, userID, number_of_subscribers, number_of_views, avatar, description, tagName) values ('www.bdadtube.com/Gardner Escot', 25, 30, 38, 'robohash.org/etplaceatofficiis.jpg?size=50x50&set=set1', 'Vestibulum ante ipsum primis in faucibus orci luctus et ultrices posuere cubilia Curae; Mauris viverra diam vitae quam. Suspendisse potenti.', 'navigation''s');
insert into Channel (URL, userID, number_of_subscribers, number_of_views, avatar, description, tagName) values ('www.bdadtube.com/Aloise Swains', 26, 23, 20, 'robohash.org/siteiusat.png?size=50x50&set=set1', 'Cras mi pede, malesuada in, imperdiet et, commodo vulputate, justo. In blandit ultrices enim.', 'worshipper''s');
insert into Channel (URL, userID, number_of_subscribers, number_of_views, avatar, description, tagName) values ('www.bdadtube.com/Jehu Palethorpe', 27, 2, 16, 'robohash.org/eaqueomnisaut.bmp?size=50x50&set=set1', 'Suspendisse potenti. In eleifend quam a odio.', 'twelve''s');
insert into Channel (URL, userID, number_of_subscribers, number_of_views, avatar, description, tagName) values ('www.bdadtube.com/Ewart McNeice', 28, 25, 13, 'robohash.org/doloressolutaquasi.jpg?size=50x50&set=set1', 'Nulla tellus.', 'gauntlets');
insert into Channel (URL, userID, number_of_subscribers, number_of_views, avatar, description, tagName) values ('www.bdadtube.com/Fraser Banister', 29, 10, 16, 'robohash.org/sitquoeos.png?size=50x50&set=set1', 'Quisque arcu libero, rutrum ac, lobortis vel, dapibus at, diam.', 'colanders');
insert into Channel (URL, userID, number_of_subscribers, number_of_views, avatar, description, tagName) values ('www.bdadtube.com/Briana Gomery', 30, 6, 47, 'robohash.org/praesentiumiurefacere.png?size=50x50&set=set1', 'Fusce lacus purus, aliquet at, feugiat non, pretium quis, lectus. Suspendisse potenti.', 'lurked');
insert into Channel (URL, userID, number_of_subscribers, number_of_views, avatar, description, tagName) values ('www.bdadtube.com/Rozanne Hewlings', 31, 44, 1, 'robohash.org/mollitiavitaesunt.jpg?size=50x50&set=set1', 'Integer a nibh.', 'innuendoes');
insert into Channel (URL, userID, number_of_subscribers, number_of_views, avatar, description, tagName) values ('www.bdadtube.com/Rose Bourdis', 32, 38, 19, 'robohash.org/exercitationemcommodifacilis.bmp?size=50x50&set=set1', 'Integer ac neque. Duis bibendum. Morbi non quam nec dui luctus rutrum.', 'lept');
insert into Channel (URL, userID, number_of_subscribers, number_of_views, avatar, description, tagName) values ('www.bdadtube.com/Stacey Bowery', 33, 27, 24, 'robohash.org/remestid.png?size=50x50&set=set1', 'Proin interdum mauris non ligula pellentesque ultrices. Phasellus id sapien in sapien iaculis congue.', 'name');
insert into Channel (URL, userID, number_of_subscribers, number_of_views, avatar, description, tagName) values ('www.bdadtube.com/Monika Gerner', 34, 47, 14, 'robohash.org/distinctiosedasperiores.bmp?size=50x50&set=set1', 'Vestibulum sed magna at nunc commodo placerat. Praesent blandit.', 'restaurant''s');
insert into Channel (URL, userID, number_of_subscribers, number_of_views, avatar, description, tagName) values ('www.bdadtube.com/Wileen Marien', 35, 39, 29, 'robohash.org/corporisperspiciatisiusto.jpg?size=50x50&set=set1', 'Pellentesque eget nunc.', 'quaking');
insert into Channel (URL, userID, number_of_subscribers, number_of_views, avatar, description, tagName) values ('www.bdadtube.com/Selene Cluff', 36, 4, 5, 'robohash.org/quivoluptatesqui.png?size=50x50&set=set1', 'Fusce consequat. Nulla nisl.', 'twelve''s');
insert into Channel (URL, userID, number_of_subscribers, number_of_views, avatar, description, tagName) values ('www.bdadtube.com/Dell Murton', 37, 44, 21, 'robohash.org/autemconsequaturperspiciatis.png?size=50x50&set=set1', 'Nulla suscipit ligula in lacus. Curabitur at ipsum ac tellus semper interdum. Mauris ullamcorper purus sit amet nulla.', 'huddles');
insert into Channel (URL, userID, number_of_subscribers, number_of_views, avatar, description, tagName) values ('www.bdadtube.com/Merell Raywood', 38, 12, 12, 'robohash.org/etnatusaut.png?size=50x50&set=set1', 'Praesent id massa id nisl venenatis lacinia. Aenean sit amet justo. Morbi ut odio.', 'easels');
insert into Channel (URL, userID, number_of_subscribers, number_of_views, avatar, description, tagName) values ('www.bdadtube.com/Fremont Selland', 39, 47, 38, 'robohash.org/sitpariaturnam.bmp?size=50x50&set=set1', 'Pellentesque eget nunc. Donec quis orci eget orci vehicula condimentum.', 'lurked');
insert into Channel (URL, userID, number_of_subscribers, number_of_views, avatar, description, tagName) values ('www.bdadtube.com/Dennis Quarton', 40, 24, 31, 'robohash.org/aspernaturdelenitiimpedit.jpg?size=50x50&set=set1', 'Aliquam erat volutpat. In congue.', 'gauntlets');
insert into Channel (URL, userID, number_of_subscribers, number_of_views, avatar, description, tagName) values ('www.bdadtube.com/Yehudi Issard', 41, 15, 45, 'robohash.org/maioresveroest.png?size=50x50&set=set1', 'Vestibulum sed magna at nunc commodo placerat. Praesent blandit.', 'repression''s');
insert into Channel (URL, userID, number_of_subscribers, number_of_views, avatar, description, tagName) values ('www.bdadtube.com/Edlin Cicculi', 42, 1, 34, 'robohash.org/doloreutiste.png?size=50x50&set=set1', 'Ut at dolor quis odio consequat varius.', 'embalms');
insert into Channel (URL, userID, number_of_subscribers, number_of_views, avatar, description, tagName) values ('www.bdadtube.com/Bethanne Bundock', 43, 44, 24, 'robohash.org/etbeataeearum.bmp?size=50x50&set=set1', 'In hac habitasse platea dictumst. Etiam faucibus cursus urna.', 'wrenching');
insert into Channel (URL, userID, number_of_subscribers, number_of_views, avatar, description, tagName) values ('www.bdadtube.com/Evin Newlyn', 44, 8, 24, 'robohash.org/repellendusaliquidmolestias.bmp?size=50x50&set=set1', 'Praesent lectus.', 'impinged');
insert into Channel (URL, userID, number_of_subscribers, number_of_views, avatar, description, tagName) values ('www.bdadtube.com/Jacob Guidoni', 45, 16, 15, 'robohash.org/culpaconsequaturquia.bmp?size=50x50&set=set1', 'Sed vel enim sit amet nunc viverra dapibus. Nulla suscipit ligula in lacus. Curabitur at ipsum ac tellus semper interdum.', 'transcending');
insert into Channel (URL, userID, number_of_subscribers, number_of_views, avatar, description, tagName) values ('www.bdadtube.com/Gabriel Lingner', 46, 48, 41, 'robohash.org/laborumestconsequatur.jpg?size=50x50&set=set1', 'Maecenas ut massa quis augue luctus tincidunt. Nulla mollis molestie lorem.', 'titillate');
insert into Channel (URL, userID, number_of_subscribers, number_of_views, avatar, description, tagName) values ('www.bdadtube.com/Shirleen Adamsen', 47, 22, 9, 'robohash.org/asperioresconsecteturlaborum.jpg?size=50x50&set=set1', 'Donec ut dolor.', 'harmonize');
insert into Channel (URL, userID, number_of_subscribers, number_of_views, avatar, description, tagName) values ('www.bdadtube.com/Dorothea Storrie', 48, 40, 16, 'robohash.org/seddolorvoluptas.jpg?size=50x50&set=set1', 'Quisque id justo sit amet sapien dignissim vestibulum. Vestibulum ante ipsum primis in faucibus orci luctus et ultrices posuere cubilia Curae; Nulla dapibus dolor vel est. Donec odio justo, sollicitudin ut, suscipit a, feugiat et, eros.', 'purify');
insert into Channel (URL, userID, number_of_subscribers, number_of_views, avatar, description, tagName) values ('www.bdadtube.com/Heall Toolan', 49, 44, 50, 'robohash.org/cupiditatelaudantiumimpedit.png?size=50x50&set=set1', 'Etiam vel augue. Vestibulum rutrum rutrum neque. Aenean auctor gravida sem.', 'wiring''s');
insert into Channel (URL, userID, number_of_subscribers, number_of_views, avatar, description, tagName) values ('www.bdadtube.com/Kordula McGougan', 50, 25, 32, 'robohash.org/voluptatumnamat.bmp?size=50x50&set=set1', 'In eleifend quam a odio. In hac habitasse platea dictumst. Maecenas ut massa quis augue luctus tincidunt.', 'gauntlets');


--Data : Video

insert into Video (URL, duration, title, thumbnail, description, tagName, URLchannel) values ('bdadtube.com/watch/5263646', '0:01:29', 'Little Soldier, The (Petit soldat, Le)', 'dummyimage.com/245x240.jpg/cc0000/ffffff', 'Curabitur in libero ut massa volutpat convallis. Morbi odio odio, elementum eu, interdum eu, tincidunt in, leo. Maecenas pulvinar lobortis est.', 'gratify', 'www.bdadtube.com/Tabina Lummis');
insert into Video (URL, duration, title, thumbnail, description, tagName, URLchannel) values ('bdadtube.com/watch/5263647', '0:11:19', 'Female Yakuza Tale: Inquisition and Torture (Yasagure anego den: sôkatsu rinchi)', 'dummyimage.com/102x247.png/cc0000/ffffff', 'Duis aliquam convallis nunc. Proin at turpis a pede posuere nonummy. Integer non velit.', 'innuendoes', 'www.bdadtube.com/Jacob Guidoni');
insert into Video (URL, duration, title, thumbnail, description, tagName, URLchannel) values ('bdadtube.com/watch/5263648', '0:11:24', 'Puppet Master: Axis of Evil (Puppet Master 10)', 'dummyimage.com/157x161.png/ff4444/ffffff', 'Quisque erat eros, viverra eget, congue eget, semper rutrum, nulla. Nunc purus. Phasellus in felis. Donec semper sapien a libero.', 'navigation''s', 'www.bdadtube.com/Shirleen Adamsen');
insert into Video (URL, duration, title, thumbnail, description, tagName, URLchannel) values ('bdadtube.com/watch/5263649', '0:12:19', 'Big One, The', 'dummyimage.com/240x136.jpg/5fa2dd/ffffff', 'Etiam faucibus cursus urna. Ut tellus. Nulla ut erat id mauris vulputate elementum. Nullam varius.', 'pedestal''s', 'www.bdadtube.com/Wallie Folder');
insert into Video (URL, duration, title, thumbnail, description, tagName, URLchannel) values ('bdadtube.com/watch/5263650', '0:23:09', 'Manolito Four Eyes', 'dummyimage.com/118x139.bmp/dddddd/000000', 'Nulla ut erat id mauris vulputate elementum. Nullam varius. Nulla facilisi.', 'name', 'www.bdadtube.com/Dell Murton');
insert into Video (URL, duration, title, thumbnail, description, tagName, URLchannel) values ('bdadtube.com/watch/5263651', '0:05:50', 'Outland', 'dummyimage.com/136x116.jpg/5fa2dd/ffffff', 'Morbi quis tortor id nulla ultrices aliquet. Maecenas leo odio, condimentum id, luctus nec, molestie sed, justo. Pellentesque viverra pede ac diam. Cras pellentesque volutpat dui.', 'universal', 'www.bdadtube.com/Selene Cluff');
insert into Video (URL, duration, title, thumbnail, description, tagName, URLchannel) values ('bdadtube.com/watch/5263652', '0:16:49', 'Gorgeous Hussy, The', 'dummyimage.com/211x203.png/cc0000/ffffff', 'Donec posuere metus vitae ipsum. Aliquam non mauris. Morbi non lectus.', 'amok', 'www.bdadtube.com/Dell Murton');
insert into Video (URL, duration, title, thumbnail, description, tagName, URLchannel) values ('bdadtube.com/watch/5263653', '0:21:54', 'Stroszek', 'dummyimage.com/192x136.png/ff4444/ffffff', 'In eleifend quam a odio. In hac habitasse platea dictumst.', 'lurked', 'www.bdadtube.com/Dorothea Storrie');
insert into Video (URL, duration, title, thumbnail, description, tagName, URLchannel) values ('bdadtube.com/watch/5263654', '0:01:10', 'Madonna: Truth or Dare', 'dummyimage.com/107x113.bmp/5fa2dd/ffffff', 'Suspendisse accumsan tortor quis turpis. Sed ante.', 'corkscrews', 'www.bdadtube.com/Ewart McNeice');
insert into Video (URL, duration, title, thumbnail, description, tagName, URLchannel) values ('bdadtube.com/watch/5263655', '0:13:00', 'Loputon Gehennan liekki', 'dummyimage.com/150x106.jpg/5fa2dd/ffffff', 'Praesent lectus. Vestibulum quam sapien, varius ut, blandit non, interdum in, ante. Vestibulum ante ipsum primis in faucibus orci luctus et ultrices posuere cubilia Curae; Duis faucibus accumsan odio. Curabitur convallis.', 'innuendoes', 'www.bdadtube.com/Selene Cluff');
insert into Video (URL, duration, title, thumbnail, description, tagName, URLchannel) values ('bdadtube.com/watch/5263656', '0:26:02', 'Escaflowne: The Movie (Escaflowne)', 'dummyimage.com/112x110.bmp/ff4444/ffffff', 'Integer ac neque.', 'harmonize', 'www.bdadtube.com/Dennis Quarton');
insert into Video (URL, duration, title, thumbnail, description, tagName, URLchannel) values ('bdadtube.com/watch/5263657', '0:43:28', 'Children of the Corn', 'dummyimage.com/219x167.png/cc0000/ffffff', 'Nulla ac enim. In tempor, turpis nec euismod scelerisque, quam turpis adipiscing lorem, vitae mattis nibh ligula nec sem. Duis aliquam convallis nunc.', 'gauntlets', 'www.bdadtube.com/Jehu Palethorpe');
insert into Video (URL, duration, title, thumbnail, description, tagName, URLchannel) values ('bdadtube.com/watch/5263658', '0:34:26', 'Le grand soir', 'dummyimage.com/175x236.png/ff4444/ffffff', 'Curabitur at ipsum ac tellus semper interdum. Mauris ullamcorper purus sit amet nulla. Quisque arcu libero, rutrum ac, lobortis vel, dapibus at, diam. Nam tristique tortor eu pede.', 'lept', 'www.bdadtube.com/Aloise Swains');
insert into Video (URL, duration, title, thumbnail, description, tagName, URLchannel) values ('bdadtube.com/watch/5263659', '0:13:16', 'That''s Entertainment! III', 'dummyimage.com/192x196.bmp/cc0000/ffffff', 'Nam ultrices, libero non mattis pulvinar, nulla pede ullamcorper augue, a suscipit nulla elit ac nulla. Sed vel enim sit amet nunc viverra dapibus.', 'funneled', 'www.bdadtube.com/Rozanne Hewlings');
insert into Video (URL, duration, title, thumbnail, description, tagName, URLchannel) values ('bdadtube.com/watch/5263660', '0:01:50', 'Pax Americana and the Weaponization of Space', 'dummyimage.com/128x121.jpg/5fa2dd/ffffff', 'Phasellus sit amet erat. Nulla tempus.', 'cremations', 'www.bdadtube.com/Dorothea Storrie');
insert into Video (URL, duration, title, thumbnail, description, tagName, URLchannel) values ('bdadtube.com/watch/5263661', '0:06:50', 'Death of a Cyclist (Muerte de un ciclista)', 'dummyimage.com/120x163.jpg/dddddd/000000', 'Vestibulum ante ipsum primis in faucibus orci luctus et ultrices posuere cubilia Curae; Donec pharetra, magna vestibulum aliquet ultrices, erat tortor sollicitudin mi, sit amet lobortis sapien sapien non mi. Integer ac neque. Duis bibendum.', 'navigation''s', 'www.bdadtube.com/Pincas Danev');
insert into Video (URL, duration, title, thumbnail, description, tagName, URLchannel) values ('bdadtube.com/watch/5263662', '0:02:18', 'Fire and Ice', 'dummyimage.com/197x159.bmp/cc0000/ffffff', 'Nunc rhoncus dui vel sem.', 'wrenching', 'www.bdadtube.com/Selene Cluff');
insert into Video (URL, duration, title, thumbnail, description, tagName, URLchannel) values ('bdadtube.com/watch/5263663', '0:16:28', 'Romantics Anonymous (Les émotifs anonymes)', 'dummyimage.com/250x224.bmp/dddddd/000000', 'Donec dapibus. Duis at velit eu est congue elementum. In hac habitasse platea dictumst. Morbi vestibulum, velit id pretium iaculis, diam erat fermentum justo, nec condimentum neque sapien placerat ante.', 'overweight''s', 'www.bdadtube.com/Rozanne Hewlings');
insert into Video (URL, duration, title, thumbnail, description, tagName, URLchannel) values ('bdadtube.com/watch/5263664', '0:35:51', 'Stranger Within, The', 'dummyimage.com/116x160.bmp/dddddd/000000', 'Proin risus. Praesent lectus. Vestibulum quam sapien, varius ut, blandit non, interdum in, ante. Vestibulum ante ipsum primis in faucibus orci luctus et ultrices posuere cubilia Curae; Duis faucibus accumsan odio.', 'spookiest', 'www.bdadtube.com/Dulcy Hammond');
insert into Video (URL, duration, title, thumbnail, description, tagName, URLchannel) values ('bdadtube.com/watch/5263665', '0:20:51', 'Passion of Ayn Rand, The', 'dummyimage.com/123x202.png/5fa2dd/ffffff', 'In hac habitasse platea dictumst.', 'huddles', 'www.bdadtube.com/Evin Newlyn');
insert into Video (URL, duration, title, thumbnail, description, tagName, URLchannel) values ('bdadtube.com/watch/5263666', '0:11:52', 'Flesh for Frankenstein (a.k.a. Andy Warhol''s Frankenstein)', 'dummyimage.com/118x186.jpg/cc0000/ffffff', 'Phasellus sit amet erat.', 'transcending', 'www.bdadtube.com/Pincas Danev');
insert into Video (URL, duration, title, thumbnail, description, tagName, URLchannel) values ('bdadtube.com/watch/5263667', '0:11:13', 'Bears', 'dummyimage.com/117x205.png/5fa2dd/ffffff', 'Vestibulum quam sapien, varius ut, blandit non, interdum in, ante. Vestibulum ante ipsum primis in faucibus orci luctus et ultrices posuere cubilia Curae; Duis faucibus accumsan odio.', 'huddles', 'www.bdadtube.com/Dorothea Storrie');
insert into Video (URL, duration, title, thumbnail, description, tagName, URLchannel) values ('bdadtube.com/watch/5263668', '0:39:19', 'Burglar', 'dummyimage.com/219x173.jpg/5fa2dd/ffffff', 'Morbi sem mauris, laoreet ut, rhoncus aliquet, pulvinar sed, nisl. Nunc rhoncus dui vel sem.', 'impossibly', 'www.bdadtube.com/Arabele Cricket');
insert into Video (URL, duration, title, thumbnail, description, tagName, URLchannel) values ('bdadtube.com/watch/5263669', '0:20:09', 'Triad Election (Election 2) (Hak se wui yi wo wai kwai)', 'dummyimage.com/148x129.png/5fa2dd/ffffff', 'In hac habitasse platea dictumst.', 'corkscrews', 'www.bdadtube.com/Merell Raywood');
insert into Video (URL, duration, title, thumbnail, description, tagName, URLchannel) values ('bdadtube.com/watch/5263670', '0:34:15', 'Sister Street Fighter (Onna hissatsu ken)', 'dummyimage.com/173x197.png/cc0000/ffffff', 'Suspendisse accumsan tortor quis turpis.', 'corkscrews', 'www.bdadtube.com/Edlin Cicculi');
insert into Video (URL, duration, title, thumbnail, description, tagName, URLchannel) values ('bdadtube.com/watch/5263671', '0:10:59', 'My Favorite Martian', 'dummyimage.com/236x140.jpg/5fa2dd/ffffff', 'Donec ut mauris eget massa tempor convallis. Nulla neque libero, convallis eget, eleifend luctus, ultricies eu, nibh.', 'pedestal''s', 'www.bdadtube.com/Richy Papaminas');
insert into Video (URL, duration, title, thumbnail, description, tagName, URLchannel) values ('bdadtube.com/watch/5263672', '0:35:03', 'Quiet Room, The', 'dummyimage.com/158x106.bmp/dddddd/000000', 'Phasellus in felis. Donec semper sapien a libero.', 'gauntlets', 'www.bdadtube.com/Fraser Banister');
insert into Video (URL, duration, title, thumbnail, description, tagName, URLchannel) values ('bdadtube.com/watch/5263673', '0:00:55', 'Main Street', 'dummyimage.com/222x125.bmp/cc0000/ffffff', 'Mauris sit amet eros. Suspendisse accumsan tortor quis turpis. Sed ante. Vivamus tortor.', 'amok', 'www.bdadtube.com/Dell Murton');
insert into Video (URL, duration, title, thumbnail, description, tagName, URLchannel) values ('bdadtube.com/watch/5263674', '0:31:16', 'Joffrey: Mavericks of American Dance', 'dummyimage.com/142x167.png/ff4444/ffffff', 'Maecenas ut massa quis augue luctus tincidunt. Nulla mollis molestie lorem. Quisque ut erat. Curabitur gravida nisi at nibh.', 'easels', 'www.bdadtube.com/Nisse Sheber');
insert into Video (URL, duration, title, thumbnail, description, tagName, URLchannel) values ('bdadtube.com/watch/5263675', '0:44:46', 'Tea with Mussolini', 'dummyimage.com/160x232.png/ff4444/ffffff', 'Cras pellentesque volutpat dui. Maecenas tristique, est et tempus semper, est quam pharetra magna, ac consequat metus sapien ut nunc. Vestibulum ante ipsum primis in faucibus orci luctus et ultrices posuere cubilia Curae; Mauris viverra diam vitae quam.', 'purify', 'www.bdadtube.com/Nisse Sheber');
insert into Video (URL, duration, title, thumbnail, description, tagName, URLchannel) values ('bdadtube.com/watch/5263676', '0:32:37', 'Repast (Meshi)', 'dummyimage.com/223x124.jpg/ff4444/ffffff', 'Aliquam quis turpis eget elit sodales scelerisque. Mauris sit amet eros.', 'cremations', 'www.bdadtube.com/Dudley Jellard');
insert into Video (URL, duration, title, thumbnail, description, tagName, URLchannel) values ('bdadtube.com/watch/5263677', '0:39:59', 'Letter to Three Wives, A', 'dummyimage.com/101x179.jpg/ff4444/ffffff', 'Nullam molestie nibh in lectus. Pellentesque at nulla. Suspendisse potenti. Cras in purus eu magna vulputate luctus.', 'amok', 'www.bdadtube.com/Edlin Cicculi');
insert into Video (URL, duration, title, thumbnail, description, tagName, URLchannel) values ('bdadtube.com/watch/5263678', '0:26:39', 'The Big Shave', 'dummyimage.com/161x148.bmp/cc0000/ffffff', 'In hac habitasse platea dictumst. Maecenas ut massa quis augue luctus tincidunt. Nulla mollis molestie lorem. Quisque ut erat.', 'dressier', 'www.bdadtube.com/Arabele Cricket');
insert into Video (URL, duration, title, thumbnail, description, tagName, URLchannel) values ('bdadtube.com/watch/5263679', '0:01:25', 'Hum Tumhare Hain Sanam', 'dummyimage.com/197x197.png/cc0000/ffffff', 'Nullam sit amet turpis elementum ligula vehicula consequat.', 'titillate', 'www.bdadtube.com/Danna Storror');
insert into Video (URL, duration, title, thumbnail, description, tagName, URLchannel) values ('bdadtube.com/watch/5263680', '0:36:55', 'Open House ', 'dummyimage.com/102x185.bmp/ff4444/ffffff', 'Phasellus sit amet erat.', 'publicizing', 'www.bdadtube.com/Danna Storror');
insert into Video (URL, duration, title, thumbnail, description, tagName, URLchannel) values ('bdadtube.com/watch/5263681', '0:40:27', 'Futureworld', 'dummyimage.com/135x187.png/5fa2dd/ffffff', 'Curabitur convallis.', 'funneled', 'www.bdadtube.com/Malissa Heiden');
insert into Video (URL, duration, title, thumbnail, description, tagName, URLchannel) values ('bdadtube.com/watch/5263682', '0:31:45', 'Shogun Assassin', 'dummyimage.com/199x227.bmp/ff4444/ffffff', 'Proin risus. Praesent lectus. Vestibulum quam sapien, varius ut, blandit non, interdum in, ante. Vestibulum ante ipsum primis in faucibus orci luctus et ultrices posuere cubilia Curae; Duis faucibus accumsan odio.', 'wont''s', 'www.bdadtube.com/Jehu Palethorpe');
insert into Video (URL, duration, title, thumbnail, description, tagName, URLchannel) values ('bdadtube.com/watch/5263683', '0:02:10', 'Naughty Girl', 'dummyimage.com/141x225.png/cc0000/ffffff', 'Proin interdum mauris non ligula pellentesque ultrices. Phasellus id sapien in sapien iaculis congue.', 'corkscrews', 'www.bdadtube.com/Shirleen Adamsen');
insert into Video (URL, duration, title, thumbnail, description, tagName, URLchannel) values ('bdadtube.com/watch/5263684', '0:32:13', 'Razorback', 'dummyimage.com/243x138.bmp/dddddd/000000', 'Praesent id massa id nisl venenatis lacinia. Aenean sit amet justo. Morbi ut odio.', 'etiquette''s', 'www.bdadtube.com/Merell Raywood');
insert into Video (URL, duration, title, thumbnail, description, tagName, URLchannel) values ('bdadtube.com/watch/5263685', '0:11:03', 'The Princess of Egypt', 'dummyimage.com/154x108.png/cc0000/ffffff', 'Fusce consequat. Nulla nisl.', 'majored', 'www.bdadtube.com/Dreddy Shimmans');
insert into Video (URL, duration, title, thumbnail, description, tagName, URLchannel) values ('bdadtube.com/watch/5263686', '0:17:41', 'Mimic 2', 'dummyimage.com/165x131.bmp/ff4444/ffffff', 'Proin at turpis a pede posuere nonummy. Integer non velit. Donec diam neque, vestibulum eget, vulputate ut, ultrices vel, augue.', 'wont''s', 'www.bdadtube.com/Dreddy Shimmans');
insert into Video (URL, duration, title, thumbnail, description, tagName, URLchannel) values ('bdadtube.com/watch/5263687', '0:38:09', 'Weather Underground, The', 'dummyimage.com/176x188.bmp/5fa2dd/ffffff', 'Cum sociis natoque penatibus et magnis dis parturient montes, nascetur ridiculus mus.', 'gratify', 'www.bdadtube.com/Edlin Cicculi');
insert into Video (URL, duration, title, thumbnail, description, tagName, URLchannel) values ('bdadtube.com/watch/5263688', '0:26:18', 'Steamboat Willie', 'dummyimage.com/128x112.jpg/ff4444/ffffff', 'In hac habitasse platea dictumst. Maecenas ut massa quis augue luctus tincidunt. Nulla mollis molestie lorem. Quisque ut erat.', 'clam', 'www.bdadtube.com/Edlin Cicculi');
insert into Video (URL, duration, title, thumbnail, description, tagName, URLchannel) values ('bdadtube.com/watch/5263689', '0:34:54', 'Ogre, The (Unhold, Der)', 'dummyimage.com/197x218.bmp/dddddd/000000', 'Maecenas rhoncus aliquam lacus. Morbi quis tortor id nulla ultrices aliquet.', 'cleavers', 'www.bdadtube.com/Rozanne Hewlings');
insert into Video (URL, duration, title, thumbnail, description, tagName, URLchannel) values ('bdadtube.com/watch/5263690', '0:00:48', 'Shadows in Paradise (Varjoja paratiisissa)', 'dummyimage.com/128x173.bmp/dddddd/000000', 'Vestibulum ac est lacinia nisi venenatis tristique. Fusce congue, diam id ornare imperdiet, sapien urna pretium nisl, ut volutpat sapien arcu sed augue.', 'name', 'www.bdadtube.com/Domini Cantu');
insert into Video (URL, duration, title, thumbnail, description, tagName, URLchannel) values ('bdadtube.com/watch/5263691', '0:27:11', '2012', 'dummyimage.com/179x132.jpg/ff4444/ffffff', 'Cras pellentesque volutpat dui. Maecenas tristique, est et tempus semper, est quam pharetra magna, ac consequat metus sapien ut nunc.', 'embalms', 'www.bdadtube.com/Rose Bourdis');
insert into Video (URL, duration, title, thumbnail, description, tagName, URLchannel) values ('bdadtube.com/watch/5263692', '0:35:21', 'Surviving Progress', 'dummyimage.com/128x146.bmp/ff4444/ffffff', 'Quisque porta volutpat erat. Quisque erat eros, viverra eget, congue eget, semper rutrum, nulla. Nunc purus. Phasellus in felis.', 'transcending', 'www.bdadtube.com/Malissa Heiden');
insert into Video (URL, duration, title, thumbnail, description, tagName, URLchannel) values ('bdadtube.com/watch/5263693', '0:22:04', 'Mélo', 'dummyimage.com/109x127.bmp/5fa2dd/ffffff', 'Nunc nisl. Duis bibendum, felis sed interdum venenatis, turpis enim blandit mi, in porttitor pede justo eu massa.', 'gauntlets', 'www.bdadtube.com/Wileen Marien');
insert into Video (URL, duration, title, thumbnail, description, tagName, URLchannel) values ('bdadtube.com/watch/5263694', '0:14:59', 'P.S. Your Cat is Dead', 'dummyimage.com/225x173.jpg/dddddd/000000', 'Aliquam sit amet diam in magna bibendum imperdiet. Nullam orci pede, venenatis non, sodales sed, tincidunt eu, felis. Fusce posuere felis sed lacus. Morbi sem mauris, laoreet ut, rhoncus aliquet, pulvinar sed, nisl.', 'impinged', 'www.bdadtube.com/Nisse Sheber');
insert into Video (URL, duration, title, thumbnail, description, tagName, URLchannel) values ('bdadtube.com/watch/5263695', '0:43:13', 'Beyond the Valley of the Dolls', 'dummyimage.com/151x209.jpg/cc0000/ffffff', 'Cum sociis natoque penatibus et magnis dis parturient montes, nascetur ridiculus mus.', 'titillate', 'www.bdadtube.com/Shirleen Adamsen');
insert into Video (URL, duration, title, thumbnail, description, tagName, URLchannel) values ('bdadtube.com/watch/5263696', '0:17:57', 'Imagine I''m Beautiful', 'dummyimage.com/187x217.jpg/ff4444/ffffff', 'Vestibulum sed magna at nunc commodo placerat. Praesent blandit. Nam nulla. Integer pede justo, lacinia eget, tincidunt eget, tempus vel, pede.', 'wiring''s', 'www.bdadtube.com/Domini Cantu');
insert into Video (URL, duration, title, thumbnail, description, tagName, URLchannel) values ('bdadtube.com/watch/5263697', '0:22:41', 'Fort Apache', 'dummyimage.com/123x183.bmp/cc0000/ffffff', 'Nunc rhoncus dui vel sem. Sed sagittis. Nam congue, risus semper porta volutpat, quam pede lobortis ligula, sit amet eleifend pede libero quis orci. Nullam molestie nibh in lectus.', 'lightweight''s', 'www.bdadtube.com/Bethanne Bundock');
insert into Video (URL, duration, title, thumbnail, description, tagName, URLchannel) values ('bdadtube.com/watch/5263698', '0:39:19', 'Body Fat Index of Love', 'dummyimage.com/105x215.png/ff4444/ffffff', 'Fusce lacus purus, aliquet at, feugiat non, pretium quis, lectus. Suspendisse potenti. In eleifend quam a odio.', 'etiquette''s', 'www.bdadtube.com/Gwenore Beinisch');
insert into Video (URL, duration, title, thumbnail, description, tagName, URLchannel) values ('bdadtube.com/watch/5263699', '0:27:08', 'Feel the Noise', 'dummyimage.com/188x227.png/5fa2dd/ffffff', 'Fusce lacus purus, aliquet at, feugiat non, pretium quis, lectus.', 'clam', 'www.bdadtube.com/Domini Cantu');
insert into Video (URL, duration, title, thumbnail, description, tagName, URLchannel) values ('bdadtube.com/watch/5263700', '0:37:28', 'Big Star: Nothing Can Hurt Me', 'dummyimage.com/152x115.bmp/cc0000/ffffff', 'Proin leo odio, porttitor id, consequat in, consequat ut, nulla. Sed accumsan felis. Ut at dolor quis odio consequat varius.', 'dressier', 'www.bdadtube.com/Selene Cluff');
insert into Video (URL, duration, title, thumbnail, description, tagName, URLchannel) values ('bdadtube.com/watch/5263701', '0:17:43', 'Frankenhooker', 'dummyimage.com/118x225.bmp/5fa2dd/ffffff', 'Vestibulum rutrum rutrum neque. Aenean auctor gravida sem. Praesent id massa id nisl venenatis lacinia.', 'wholehearted', 'www.bdadtube.com/Lucien Bourley');
insert into Video (URL, duration, title, thumbnail, description, tagName, URLchannel) values ('bdadtube.com/watch/5263702', '0:41:44', 'Johnny Dangerously', 'dummyimage.com/151x197.png/dddddd/000000', 'Mauris ullamcorper purus sit amet nulla. Quisque arcu libero, rutrum ac, lobortis vel, dapibus at, diam. Nam tristique tortor eu pede.', 'innuendoes', 'www.bdadtube.com/Rose Bourdis');
insert into Video (URL, duration, title, thumbnail, description, tagName, URLchannel) values ('bdadtube.com/watch/5263703', '0:21:35', 'Masque of the Red Death, The', 'dummyimage.com/109x177.bmp/cc0000/ffffff', 'Duis bibendum.', 'innuendoes', 'www.bdadtube.com/Shirleen Adamsen');
insert into Video (URL, duration, title, thumbnail, description, tagName, URLchannel) values ('bdadtube.com/watch/5263704', '0:13:46', 'Ciao Manhattan (Ciao! Manhattan)', 'dummyimage.com/107x158.jpg/cc0000/ffffff', 'Integer pede justo, lacinia eget, tincidunt eget, tempus vel, pede. Morbi porttitor lorem id ligula. Suspendisse ornare consequat lectus.', 'corkscrews', 'www.bdadtube.com/Heall Toolan');
insert into Video (URL, duration, title, thumbnail, description, tagName, URLchannel) values ('bdadtube.com/watch/5263705', '0:14:19', 'Food (Jídlo)', 'dummyimage.com/165x176.bmp/5fa2dd/ffffff', 'Vestibulum rutrum rutrum neque.', 'colanders', 'www.bdadtube.com/Shirleen Adamsen');
insert into Video (URL, duration, title, thumbnail, description, tagName, URLchannel) values ('bdadtube.com/watch/5263706', '0:22:42', 'Daddy Day Camp', 'dummyimage.com/218x156.png/5fa2dd/ffffff', 'Cras pellentesque volutpat dui. Maecenas tristique, est et tempus semper, est quam pharetra magna, ac consequat metus sapien ut nunc. Vestibulum ante ipsum primis in faucibus orci luctus et ultrices posuere cubilia Curae; Mauris viverra diam vitae quam. Suspendisse potenti.', 'impinged', 'www.bdadtube.com/Briana Gomery');
insert into Video (URL, duration, title, thumbnail, description, tagName, URLchannel) values ('bdadtube.com/watch/5263707', '0:14:38', 'Surfwise', 'dummyimage.com/150x100.bmp/dddddd/000000', 'Vivamus vel nulla eget eros elementum pellentesque. Quisque porta volutpat erat. Quisque erat eros, viverra eget, congue eget, semper rutrum, nulla. Nunc purus.', 'funneled', 'www.bdadtube.com/Kordula McGougan');
insert into Video (URL, duration, title, thumbnail, description, tagName, URLchannel) values ('bdadtube.com/watch/5263708', '0:33:21', 'Green Tea (Lü cha)', 'dummyimage.com/144x227.png/dddddd/000000', 'Duis consequat dui nec nisi volutpat eleifend.', 'embalms', 'www.bdadtube.com/Chrisse McTear');
insert into Video (URL, duration, title, thumbnail, description, tagName, URLchannel) values ('bdadtube.com/watch/5263709', '0:44:12', 'A Coming-Out Party', 'dummyimage.com/175x124.bmp/dddddd/000000', 'Sed sagittis.', 'wrenching', 'www.bdadtube.com/Rose Bourdis');
insert into Video (URL, duration, title, thumbnail, description, tagName, URLchannel) values ('bdadtube.com/watch/5263710', '0:24:55', 'Lady in Cement', 'dummyimage.com/234x103.png/dddddd/000000', 'Nulla tellus. In sagittis dui vel nisl. Duis ac nibh. Fusce lacus purus, aliquet at, feugiat non, pretium quis, lectus.', 'livens', 'www.bdadtube.com/Fraser Banister');
insert into Video (URL, duration, title, thumbnail, description, tagName, URLchannel) values ('bdadtube.com/watch/5263711', '0:23:01', 'I Love Sarah Jane', 'dummyimage.com/127x220.jpg/ff4444/ffffff', 'Phasellus sit amet erat.', 'clam', 'www.bdadtube.com/Selene Cluff');
insert into Video (URL, duration, title, thumbnail, description, tagName, URLchannel) values ('bdadtube.com/watch/5263712', '0:18:18', 'Leslie, My Name is Evil (Manson, My Name is Evil)', 'dummyimage.com/196x239.png/ff4444/ffffff', 'Morbi porttitor lorem id ligula. Suspendisse ornare consequat lectus. In est risus, auctor sed, tristique in, tempus sit amet, sem.', 'quaking', 'www.bdadtube.com/Malissa Heiden');
insert into Video (URL, duration, title, thumbnail, description, tagName, URLchannel) values ('bdadtube.com/watch/5263713', '0:28:04', 'Time to Love and a Time to Die, A', 'dummyimage.com/236x144.jpg/ff4444/ffffff', 'Aliquam sit amet diam in magna bibendum imperdiet. Nullam orci pede, venenatis non, sodales sed, tincidunt eu, felis. Fusce posuere felis sed lacus.', 'mapped', 'www.bdadtube.com/Wallie Folder');
insert into Video (URL, duration, title, thumbnail, description, tagName, URLchannel) values ('bdadtube.com/watch/5263714', '0:13:40', 'Applause', 'dummyimage.com/210x169.bmp/5fa2dd/ffffff', 'Proin risus. Praesent lectus. Vestibulum quam sapien, varius ut, blandit non, interdum in, ante. Vestibulum ante ipsum primis in faucibus orci luctus et ultrices posuere cubilia Curae; Duis faucibus accumsan odio.', 'repression''s', 'www.bdadtube.com/Edlin Cicculi');
insert into Video (URL, duration, title, thumbnail, description, tagName, URLchannel) values ('bdadtube.com/watch/5263715', '0:00:01', 'Hearts and Minds', 'dummyimage.com/208x234.jpg/5fa2dd/ffffff', 'Morbi sem mauris, laoreet ut, rhoncus aliquet, pulvinar sed, nisl. Nunc rhoncus dui vel sem. Sed sagittis. Nam congue, risus semper porta volutpat, quam pede lobortis ligula, sit amet eleifend pede libero quis orci.', 'spookiest', 'www.bdadtube.com/Lucien Bourley');
insert into Video (URL, duration, title, thumbnail, description, tagName, URLchannel) values ('bdadtube.com/watch/5263716', '0:17:05', 'Gabriel', 'dummyimage.com/180x131.bmp/5fa2dd/ffffff', 'Cras mi pede, malesuada in, imperdiet et, commodo vulputate, justo.', 'gratify', 'www.bdadtube.com/Dawna Checkley');
insert into Video (URL, duration, title, thumbnail, description, tagName, URLchannel) values ('bdadtube.com/watch/5263717', '0:05:12', 'Golden Thread, The (Subarnarekha)', 'dummyimage.com/162x104.bmp/cc0000/ffffff', 'In eleifend quam a odio. In hac habitasse platea dictumst.', 'navigation''s', 'www.bdadtube.com/Merell Raywood');
insert into Video (URL, duration, title, thumbnail, description, tagName, URLchannel) values ('bdadtube.com/watch/5263718', '0:34:53', 'Center Stage', 'dummyimage.com/248x139.png/5fa2dd/ffffff', 'Curabitur convallis. Duis consequat dui nec nisi volutpat eleifend.', 'broadsides', 'www.bdadtube.com/Jacob Guidoni');
insert into Video (URL, duration, title, thumbnail, description, tagName, URLchannel) values ('bdadtube.com/watch/5263719', '0:20:16', 'Beats Rhymes & Life: The Travels of a Tribe Called Quest', 'dummyimage.com/187x199.jpg/ff4444/ffffff', 'Duis mattis egestas metus. Aenean fermentum. Donec ut mauris eget massa tempor convallis. Nulla neque libero, convallis eget, eleifend luctus, ultricies eu, nibh.', 'funneled', 'www.bdadtube.com/Dennis Quarton');
insert into Video (URL, duration, title, thumbnail, description, tagName, URLchannel) values ('bdadtube.com/watch/5263720', '0:23:08', 'The Apocalypse', 'dummyimage.com/226x163.png/ff4444/ffffff', 'Fusce consequat. Nulla nisl. Nunc nisl. Duis bibendum, felis sed interdum venenatis, turpis enim blandit mi, in porttitor pede justo eu massa.', 'innuendoes', 'www.bdadtube.com/Dulcy Hammond');
insert into Video (URL, duration, title, thumbnail, description, tagName, URLchannel) values ('bdadtube.com/watch/5263721', '0:18:20', 'Homage', 'dummyimage.com/164x104.png/dddddd/000000', 'Phasellus in felis. Donec semper sapien a libero.', 'worshipper''s', 'www.bdadtube.com/Briana Gomery');
insert into Video (URL, duration, title, thumbnail, description, tagName, URLchannel) values ('bdadtube.com/watch/5263722', '0:23:13', 'Painted Veil, The', 'dummyimage.com/101x202.bmp/5fa2dd/ffffff', 'Curabitur convallis. Duis consequat dui nec nisi volutpat eleifend.', 'wiring''s', 'www.bdadtube.com/Aloise Swains');
insert into Video (URL, duration, title, thumbnail, description, tagName, URLchannel) values ('bdadtube.com/watch/5263723', '0:41:51', 'Salaam Bombay!', 'dummyimage.com/194x178.bmp/cc0000/ffffff', 'Proin interdum mauris non ligula pellentesque ultrices. Phasellus id sapien in sapien iaculis congue.', 'gin''s', 'www.bdadtube.com/Rose Bourdis');
insert into Video (URL, duration, title, thumbnail, description, tagName, URLchannel) values ('bdadtube.com/watch/5263724', '0:16:29', 'Party, The (Boum, La)', 'dummyimage.com/235x100.bmp/ff4444/ffffff', 'Nunc purus. Phasellus in felis. Donec semper sapien a libero. Nam dui.', 'wont''s', 'www.bdadtube.com/Wileen Marien');
insert into Video (URL, duration, title, thumbnail, description, tagName, URLchannel) values ('bdadtube.com/watch/5263725', '0:42:57', 'De-Lovely', 'dummyimage.com/238x241.png/ff4444/ffffff', 'Morbi porttitor lorem id ligula. Suspendisse ornare consequat lectus. In est risus, auctor sed, tristique in, tempus sit amet, sem.', 'pedestal''s', 'www.bdadtube.com/Dani Rivalant');

--Data : Subscribes

insert into Subscribes (ID, URL) values (11, 'www.bdadtube.com/Shirleen Adamsen');
insert into Subscribes (ID, URL) values (35, 'www.bdadtube.com/Merell Raywood');
insert into Subscribes (ID, URL) values (34, 'www.bdadtube.com/Dreddy Shimmans');
insert into Subscribes (ID, URL) values (37, 'www.bdadtube.com/Stacey Bowery');
insert into Subscribes (ID, URL) values (38, 'www.bdadtube.com/Jacob Guidoni');
insert into Subscribes (ID, URL) values (2, 'www.bdadtube.com/Monika Gerner');
insert into Subscribes (ID, URL) values (20, 'www.bdadtube.com/Elke Bidewell');
insert into Subscribes (ID, URL) values (29, 'www.bdadtube.com/Dreddy Shimmans');
insert into Subscribes (ID, URL) values (39, 'www.bdadtube.com/Briana Gomery');
insert into Subscribes (ID, URL) values (43, 'www.bdadtube.com/Wallie Folder');
insert into Subscribes (ID, URL) values (31, 'www.bdadtube.com/Norean Olivello');
insert into Subscribes (ID, URL) values (41, 'www.bdadtube.com/Rozanne Hewlings');
insert into Subscribes (ID, URL) values (7, 'www.bdadtube.com/Arabele Cricket');
insert into Subscribes (ID, URL) values (7, 'www.bdadtube.com/Rose Bourdis');
insert into Subscribes (ID, URL) values (29, 'www.bdadtube.com/Guido Shanks');
insert into Subscribes (ID, URL) values (9, 'www.bdadtube.com/Aloise Swains');
insert into Subscribes (ID, URL) values (6, 'www.bdadtube.com/Jacob Guidoni');
insert into Subscribes (ID, URL) values (50, 'www.bdadtube.com/Jacob Guidoni');
insert into Subscribes (ID, URL) values (6, 'www.bdadtube.com/Gabriel Lingner');
insert into Subscribes (ID, URL) values (16, 'www.bdadtube.com/Pincas Danev');
insert into Subscribes (ID, URL) values (19, 'www.bdadtube.com/Rozanne Hewlings');
insert into Subscribes (ID, URL) values (20, 'www.bdadtube.com/Fraser Banister');
insert into Subscribes (ID, URL) values (33, 'www.bdadtube.com/Merell Raywood');
insert into Subscribes (ID, URL) values (28, 'www.bdadtube.com/Monika Gerner');
insert into Subscribes (ID, URL) values (12, 'www.bdadtube.com/Gabriel Lingner');
insert into Subscribes (ID, URL) values (20, 'www.bdadtube.com/Selene Cluff');
insert into Subscribes (ID, URL) values (22, 'www.bdadtube.com/Jehu Palethorpe');
insert into Subscribes (ID, URL) values (49, 'www.bdadtube.com/Rozanne Hewlings');
insert into Subscribes (ID, URL) values (16, 'www.bdadtube.com/Arabele Cricket');
insert into Subscribes (ID, URL) values (47, 'www.bdadtube.com/Stacey Bowery');
insert into Subscribes (ID, URL) values (33, 'www.bdadtube.com/Yehudi Issard');
insert into Subscribes (ID, URL) values (10, 'www.bdadtube.com/Elke Bidewell');
insert into Subscribes (ID, URL) values (32, 'www.bdadtube.com/Danna Storror');
insert into Subscribes (ID, URL) values (12, 'www.bdadtube.com/Dulcy Hammond');
insert into Subscribes (ID, URL) values (8, 'www.bdadtube.com/Gardner Escot');
insert into Subscribes (ID, URL) values (4, 'www.bdadtube.com/Gwenore Beinisch');
insert into Subscribes (ID, URL) values (2, 'www.bdadtube.com/Dell Murton');
insert into Subscribes (ID, URL) values (35, 'www.bdadtube.com/Jerry Breitler');
insert into Subscribes (ID, URL) values (47, 'www.bdadtube.com/Tabina Lummis');
insert into Subscribes (ID, URL) values (31, 'www.bdadtube.com/Eva Murname');
insert into Subscribes (ID, URL) values (39, 'www.bdadtube.com/Edlin Cicculi');
insert into Subscribes (ID, URL) values (39, 'www.bdadtube.com/Dani Rivalant');
insert into Subscribes (ID, URL) values (36, 'www.bdadtube.com/Eva Murname');
insert into Subscribes (ID, URL) values (10, 'www.bdadtube.com/Merell Raywood');
insert into Subscribes (ID, URL) values (45, 'www.bdadtube.com/Rose Bourdis');
insert into Subscribes (ID, URL) values (14, 'www.bdadtube.com/Richy Papaminas');
insert into Subscribes (ID, URL) values (8, 'www.bdadtube.com/Bethanne Bundock');
insert into Subscribes (ID, URL) values (30, 'www.bdadtube.com/Windy Catto');
insert into Subscribes (ID, URL) values (38, 'www.bdadtube.com/Aloise Swains');
insert into Subscribes (ID, URL) values (37, 'www.bdadtube.com/Rose Bourdis');
insert into Subscribes (ID, URL) values (37, 'www.bdadtube.com/Ewart McNeice');
insert into Subscribes (ID, URL) values (19, 'www.bdadtube.com/Arabele Cricket');
insert into Subscribes (ID, URL) values (44, 'www.bdadtube.com/Ewart McNeice');
insert into Subscribes (ID, URL) values (21, 'www.bdadtube.com/Kordula McGougan');
insert into Subscribes (ID, URL) values (8, 'www.bdadtube.com/Dell Murton');
insert into Subscribes (ID, URL) values (28, 'www.bdadtube.com/Jerry Breitler');
insert into Subscribes (ID, URL) values (6, 'www.bdadtube.com/Lucien Bourley');
insert into Subscribes (ID, URL) values (24, 'www.bdadtube.com/Melisse Divis');
insert into Subscribes (ID, URL) values (33, 'www.bdadtube.com/Bethanne Bundock');
insert into Subscribes (ID, URL) values (13, 'www.bdadtube.com/Jacob Guidoni');
insert into Subscribes (ID, URL) values (26, 'www.bdadtube.com/Lucien Bourley');
insert into Subscribes (ID, URL) values (31, 'www.bdadtube.com/Chrisse McTear');
insert into Subscribes (ID, URL) values (6, 'www.bdadtube.com/Dennis Quarton');
insert into Subscribes (ID, URL) values (4, 'www.bdadtube.com/Yehudi Issard');
insert into Subscribes (ID, URL) values (6, 'www.bdadtube.com/Stacey Bowery');
insert into Subscribes (ID, URL) values (13, 'www.bdadtube.com/Lucien Bourley');
insert into Subscribes (ID, URL) values (47, 'www.bdadtube.com/Norean Olivello');
insert into Subscribes (ID, URL) values (31, 'www.bdadtube.com/Gabriel Lingner');
insert into Subscribes (ID, URL) values (11, 'www.bdadtube.com/Stacey Bowery');
insert into Subscribes (ID, URL) values (20, 'www.bdadtube.com/Rose Bourdis');
insert into Subscribes (ID, URL) values (14, 'www.bdadtube.com/Domini Cantu');
insert into Subscribes (ID, URL) values (7, 'www.bdadtube.com/Dani Rivalant');
insert into Subscribes (ID, URL) values (40, 'www.bdadtube.com/Ewart McNeice');
insert into Subscribes (ID, URL) values (17, 'www.bdadtube.com/Dawna Checkley');
insert into Subscribes (ID, URL) values (48, 'www.bdadtube.com/Danna Storror');
insert into Subscribes (ID, URL) values (25, 'www.bdadtube.com/Melisse Divis');
insert into Subscribes (ID, URL) values (9, 'www.bdadtube.com/Edlin Cicculi');
insert into Subscribes (ID, URL) values (45, 'www.bdadtube.com/Eva Murname');
insert into Subscribes (ID, URL) values (35, 'www.bdadtube.com/Selene Cluff');
insert into Subscribes (ID, URL) values (9, 'www.bdadtube.com/Gardner Escot');
insert into Subscribes (ID, URL) values (38, 'www.bdadtube.com/Richy Papaminas');
insert into Subscribes (ID, URL) values (43, 'www.bdadtube.com/Dennis Quarton');
insert into Subscribes (ID, URL) values (39, 'www.bdadtube.com/Dawna Checkley');
insert into Subscribes (ID, URL) values (32, 'www.bdadtube.com/Jacob Guidoni');
insert into Subscribes (ID, URL) values (28, 'www.bdadtube.com/Gardner Escot');
insert into Subscribes (ID, URL) values (30, 'www.bdadtube.com/Gardner Escot');
insert into Subscribes (ID, URL) values (28, 'www.bdadtube.com/Kordula McGougan');
insert into Subscribes (ID, URL) values (50, 'www.bdadtube.com/Nisse Sheber');
insert into Subscribes (ID, URL) values (50, 'www.bdadtube.com/Rozanne Hewlings');
insert into Subscribes (ID, URL) values (22, 'www.bdadtube.com/Nisse Sheber');
insert into Subscribes (ID, URL) values (20, 'www.bdadtube.com/Windy Catto');
insert into Subscribes (ID, URL) values (46, 'www.bdadtube.com/Briana Gomery');
insert into Subscribes (ID, URL) values (43, 'www.bdadtube.com/Richy Papaminas');
insert into Subscribes (ID, URL) values (41, 'www.bdadtube.com/Wallie Folder');
insert into Subscribes (ID, URL) values (26, 'www.bdadtube.com/Jerry Breitler');
insert into Subscribes (ID, URL) values (27, 'www.bdadtube.com/Richy Papaminas');
insert into Subscribes (ID, URL) values (4, 'www.bdadtube.com/Dudley Jellard');
insert into Subscribes (ID, URL) values (14, 'www.bdadtube.com/Dorothea Storrie');
insert into Subscribes (ID, URL) values (20, 'www.bdadtube.com/Ewart McNeice');
insert into Subscribes (ID, URL) values (19, 'www.bdadtube.com/Guido Shanks');


--Data : Creation

insert into Creation (ID, URL, creationDate) values (1, 'www.bdadtube.com/Norean Olivello', '18/07/2017');
insert into Creation (ID, URL, creationDate) values (2, 'www.bdadtube.com/Dudley Jellard', '31/08/2017');
insert into Creation (ID, URL, creationDate) values (3, 'www.bdadtube.com/Tabina Lummis', '21/09/2019');
insert into Creation (ID, URL, creationDate) values (4, 'www.bdadtube.com/Jerry Breitler', '21/10/2018');
insert into Creation (ID, URL, creationDate) values (5, 'www.bdadtube.com/Domini Cantu', '21/02/2019');
insert into Creation (ID, URL, creationDate) values (6, 'www.bdadtube.com/Nisse Sheber', '28/08/2017');
insert into Creation (ID, URL, creationDate) values (7, 'www.bdadtube.com/Melisse Divis', '19/10/2018');
insert into Creation (ID, URL, creationDate) values (8, 'www.bdadtube.com/Lucien Bourley', '14/02/2020');
insert into Creation (ID, URL, creationDate) values (9, 'www.bdadtube.com/Elke Bidewell', '10/02/2019');
insert into Creation (ID, URL, creationDate) values (10, 'www.bdadtube.com/Dulcy Hammond', '06/09/2019');
insert into Creation (ID, URL, creationDate) values (11, 'www.bdadtube.com/Danna Storror', '18/07/2016');
insert into Creation (ID, URL, creationDate) values (12, 'www.bdadtube.com/Pincas Danev', '20/11/2018');
insert into Creation (ID, URL, creationDate) values (13, 'www.bdadtube.com/Arabele Cricket', '01/08/2019');
insert into Creation (ID, URL, creationDate) values (14, 'www.bdadtube.com/Dreddy Shimmans', '17/07/2018');
insert into Creation (ID, URL, creationDate) values (15, 'www.bdadtube.com/Windy Catto', '19/04/2016');
insert into Creation (ID, URL, creationDate) values (16, 'www.bdadtube.com/Richy Papaminas', '04/12/2017');
insert into Creation (ID, URL, creationDate) values (17, 'www.bdadtube.com/Chrisse McTear', '11/09/2017');
insert into Creation (ID, URL, creationDate) values (18, 'www.bdadtube.com/Wallie Folder', '15/08/2017');
insert into Creation (ID, URL, creationDate) values (19, 'www.bdadtube.com/Gwenore Beinisch', '16/12/2019');
insert into Creation (ID, URL, creationDate) values (20, 'www.bdadtube.com/Malissa Heiden', '08/01/2019');
insert into Creation (ID, URL, creationDate) values (21, 'www.bdadtube.com/Dani Rivalant', '11/09/2017');
insert into Creation (ID, URL, creationDate) values (22, 'www.bdadtube.com/Guido Shanks', '06/04/2018');
insert into Creation (ID, URL, creationDate) values (23, 'www.bdadtube.com/Eva Murname', '01/03/2018');
insert into Creation (ID, URL, creationDate) values (24, 'www.bdadtube.com/Dawna Checkley', '20/08/2016');
insert into Creation (ID, URL, creationDate) values (25, 'www.bdadtube.com/Gardner Escot', '16/09/2016');
insert into Creation (ID, URL, creationDate) values (26, 'www.bdadtube.com/Aloise Swains', '08/06/2016');
insert into Creation (ID, URL, creationDate) values (27, 'www.bdadtube.com/Jehu Palethorpe', '06/01/2020');
insert into Creation (ID, URL, creationDate) values (28, 'www.bdadtube.com/Ewart McNeice', '26/04/2018');
insert into Creation (ID, URL, creationDate) values (29, 'www.bdadtube.com/Fraser Banister', '13/11/2016');
insert into Creation (ID, URL, creationDate) values (30, 'www.bdadtube.com/Briana Gomery', '02/06/2019');
insert into Creation (ID, URL, creationDate) values (31, 'www.bdadtube.com/Rozanne Hewlings', '03/10/2016');
insert into Creation (ID, URL, creationDate) values (32, 'www.bdadtube.com/Rose Bourdis', '21/12/2019');
insert into Creation (ID, URL, creationDate) values (33, 'www.bdadtube.com/Stacey Bowery', '07/05/2016');
insert into Creation (ID, URL, creationDate) values (34, 'www.bdadtube.com/Monika Gerner', '18/05/2018');
insert into Creation (ID, URL, creationDate) values (35, 'www.bdadtube.com/Wileen Marien', '02/06/2019');
insert into Creation (ID, URL, creationDate) values (36, 'www.bdadtube.com/Selene Cluff', '24/02/2020');
insert into Creation (ID, URL, creationDate) values (37, 'www.bdadtube.com/Dell Murton', '19/09/2016');
insert into Creation (ID, URL, creationDate) values (38, 'www.bdadtube.com/Merell Raywood', '24/12/2017');
insert into Creation (ID, URL, creationDate) values (39, 'www.bdadtube.com/Fremont Selland', '14/06/2018');
insert into Creation (ID, URL, creationDate) values (40, 'www.bdadtube.com/Dennis Quarton', '18/02/2020');
insert into Creation (ID, URL, creationDate) values (41, 'www.bdadtube.com/Yehudi Issard', '06/03/2020');
insert into Creation (ID, URL, creationDate) values (42, 'www.bdadtube.com/Edlin Cicculi', '02/11/2018');
insert into Creation (ID, URL, creationDate) values (43, 'www.bdadtube.com/Bethanne Bundock', '05/06/2017');
insert into Creation (ID, URL, creationDate) values (44, 'www.bdadtube.com/Evin Newlyn', '21/04/2017');
insert into Creation (ID, URL, creationDate) values (45, 'www.bdadtube.com/Jacob Guidoni', '18/02/2020');
insert into Creation (ID, URL, creationDate) values (46, 'www.bdadtube.com/Gabriel Lingner', '12/11/2018');
insert into Creation (ID, URL, creationDate) values (47, 'www.bdadtube.com/Shirleen Adamsen', '22/05/2016');
insert into Creation (ID, URL, creationDate) values (48, 'www.bdadtube.com/Dorothea Storrie', '20/01/2017');
insert into Creation (ID, URL, creationDate) values (49, 'www.bdadtube.com/Heall Toolan', '07/11/2019');
insert into Creation (ID, URL, creationDate) values (50, 'www.bdadtube.com/Kordula McGougan', '13/11/2019');



--Data : Recommended

insert into Recommended (URL1, URL2) values ('www.bdadtube.com/Norean Olivello', 'www.bdadtube.com/Yehudi Issard');
insert into Recommended (URL1, URL2) values ('www.bdadtube.com/Dudley Jellard', 'www.bdadtube.com/Ewart McNeice');
insert into Recommended (URL1, URL2) values ('www.bdadtube.com/Tabina Lummis', 'www.bdadtube.com/Yehudi Issard');
insert into Recommended (URL1, URL2) values ('www.bdadtube.com/Jerry Breitler', 'www.bdadtube.com/Rose Bourdis');
insert into Recommended (URL1, URL2) values ('www.bdadtube.com/Domini Cantu', 'www.bdadtube.com/Fraser Banister');
insert into Recommended (URL1, URL2) values ('www.bdadtube.com/Nisse Sheber', 'www.bdadtube.com/Domini Cantu');
insert into Recommended (URL1, URL2) values ('www.bdadtube.com/Melisse Divis', 'www.bdadtube.com/Malissa Heiden');
insert into Recommended (URL1, URL2) values ('www.bdadtube.com/Lucien Bourley', 'www.bdadtube.com/Elke Bidewell');
insert into Recommended (URL1, URL2) values ('www.bdadtube.com/Elke Bidewell', 'www.bdadtube.com/Pincas Danev');
insert into Recommended (URL1, URL2) values ('www.bdadtube.com/Dulcy Hammond', 'www.bdadtube.com/Rose Bourdis');
insert into Recommended (URL1, URL2) values ('www.bdadtube.com/Danna Storror', 'www.bdadtube.com/Norean Olivello');
insert into Recommended (URL1, URL2) values ('www.bdadtube.com/Pincas Danev', 'www.bdadtube.com/Chrisse McTear');
insert into Recommended (URL1, URL2) values ('www.bdadtube.com/Arabele Cricket', 'www.bdadtube.com/Yehudi Issard');
insert into Recommended (URL1, URL2) values ('www.bdadtube.com/Dreddy Shimmans', 'www.bdadtube.com/Evin Newlyn');
insert into Recommended (URL1, URL2) values ('www.bdadtube.com/Windy Catto', 'www.bdadtube.com/Chrisse McTear');
insert into Recommended (URL1, URL2) values ('www.bdadtube.com/Richy Papaminas', 'www.bdadtube.com/Gardner Escot');
insert into Recommended (URL1, URL2) values ('www.bdadtube.com/Chrisse McTear', 'www.bdadtube.com/Dudley Jellard');
insert into Recommended (URL1, URL2) values ('www.bdadtube.com/Wallie Folder', 'www.bdadtube.com/Dreddy Shimmans');
insert into Recommended (URL1, URL2) values ('www.bdadtube.com/Gwenore Beinisch', 'www.bdadtube.com/Elke Bidewell');
insert into Recommended (URL1, URL2) values ('www.bdadtube.com/Malissa Heiden', 'www.bdadtube.com/Dell Murton');
insert into Recommended (URL1, URL2) values ('www.bdadtube.com/Dani Rivalant', 'www.bdadtube.com/Briana Gomery');
insert into Recommended (URL1, URL2) values ('www.bdadtube.com/Guido Shanks', 'www.bdadtube.com/Ewart McNeice');
insert into Recommended (URL1, URL2) values ('www.bdadtube.com/Eva Murname', 'www.bdadtube.com/Wileen Marien');
insert into Recommended (URL1, URL2) values ('www.bdadtube.com/Dawna Checkley', 'www.bdadtube.com/Domini Cantu');
insert into Recommended (URL1, URL2) values ('www.bdadtube.com/Gardner Escot', 'www.bdadtube.com/Shirleen Adamsen');
insert into Recommended (URL1, URL2) values ('www.bdadtube.com/Aloise Swains', 'www.bdadtube.com/Fremont Selland');
insert into Recommended (URL1, URL2) values ('www.bdadtube.com/Jehu Palethorpe', 'www.bdadtube.com/Briana Gomery');
insert into Recommended (URL1, URL2) values ('www.bdadtube.com/Ewart McNeice', 'www.bdadtube.com/Nisse Sheber');
insert into Recommended (URL1, URL2) values ('www.bdadtube.com/Fraser Banister', 'www.bdadtube.com/Dani Rivalant');
insert into Recommended (URL1, URL2) values ('www.bdadtube.com/Briana Gomery', 'www.bdadtube.com/Wileen Marien');
insert into Recommended (URL1, URL2) values ('www.bdadtube.com/Rozanne Hewlings', 'www.bdadtube.com/Wallie Folder');
insert into Recommended (URL1, URL2) values ('www.bdadtube.com/Rose Bourdis', 'www.bdadtube.com/Heall Toolan');
insert into Recommended (URL1, URL2) values ('www.bdadtube.com/Stacey Bowery', 'www.bdadtube.com/Fraser Banister');
insert into Recommended (URL1, URL2) values ('www.bdadtube.com/Monika Gerner', 'www.bdadtube.com/Shirleen Adamsen');
insert into Recommended (URL1, URL2) values ('www.bdadtube.com/Wileen Marien', 'www.bdadtube.com/Rose Bourdis');
insert into Recommended (URL1, URL2) values ('www.bdadtube.com/Selene Cluff', 'www.bdadtube.com/Dorothea Storrie');
insert into Recommended (URL1, URL2) values ('www.bdadtube.com/Dell Murton', 'www.bdadtube.com/Guido Shanks');
insert into Recommended (URL1, URL2) values ('www.bdadtube.com/Merell Raywood', 'www.bdadtube.com/Domini Cantu');
insert into Recommended (URL1, URL2) values ('www.bdadtube.com/Fremont Selland', 'www.bdadtube.com/Eva Murname');
insert into Recommended (URL1, URL2) values ('www.bdadtube.com/Dennis Quarton', 'www.bdadtube.com/Edlin Cicculi');
insert into Recommended (URL1, URL2) values ('www.bdadtube.com/Yehudi Issard', 'www.bdadtube.com/Aloise Swains');
insert into Recommended (URL1, URL2) values ('www.bdadtube.com/Edlin Cicculi', 'www.bdadtube.com/Stacey Bowery');
insert into Recommended (URL1, URL2) values ('www.bdadtube.com/Bethanne Bundock', 'www.bdadtube.com/Lucien Bourley');
insert into Recommended (URL1, URL2) values ('www.bdadtube.com/Evin Newlyn', 'www.bdadtube.com/Stacey Bowery');
insert into Recommended (URL1, URL2) values ('www.bdadtube.com/Jacob Guidoni', 'www.bdadtube.com/Yehudi Issard');
insert into Recommended (URL1, URL2) values ('www.bdadtube.com/Gabriel Lingner', 'www.bdadtube.com/Wallie Folder');
insert into Recommended (URL1, URL2) values ('www.bdadtube.com/Shirleen Adamsen', 'www.bdadtube.com/Selene Cluff');
insert into Recommended (URL1, URL2) values ('www.bdadtube.com/Dorothea Storrie', 'www.bdadtube.com/Elke Bidewell');
insert into Recommended (URL1, URL2) values ('www.bdadtube.com/Heall Toolan', 'www.bdadtube.com/Yehudi Issard');
insert into Recommended (URL1, URL2) values ('www.bdadtube.com/Kordula McGougan', 'www.bdadtube.com/Fremont Selland');
insert into Recommended (URL1, URL2) values ('www.bdadtube.com/Norean Olivello', 'www.bdadtube.com/Arabele Cricket');
insert into Recommended (URL1, URL2) values ('www.bdadtube.com/Dudley Jellard', 'www.bdadtube.com/Aloise Swains');
insert into Recommended (URL1, URL2) values ('www.bdadtube.com/Tabina Lummis', 'www.bdadtube.com/Selene Cluff');
insert into Recommended (URL1, URL2) values ('www.bdadtube.com/Jerry Breitler', 'www.bdadtube.com/Selene Cluff');
insert into Recommended (URL1, URL2) values ('www.bdadtube.com/Domini Cantu', 'www.bdadtube.com/Wallie Folder');
insert into Recommended (URL1, URL2) values ('www.bdadtube.com/Nisse Sheber', 'www.bdadtube.com/Elke Bidewell');
insert into Recommended (URL1, URL2) values ('www.bdadtube.com/Melisse Divis', 'www.bdadtube.com/Evin Newlyn');
insert into Recommended (URL1, URL2) values ('www.bdadtube.com/Lucien Bourley', 'www.bdadtube.com/Yehudi Issard');
insert into Recommended (URL1, URL2) values ('www.bdadtube.com/Elke Bidewell', 'www.bdadtube.com/Dennis Quarton');
insert into Recommended (URL1, URL2) values ('www.bdadtube.com/Dulcy Hammond', 'www.bdadtube.com/Eva Murname');
insert into Recommended (URL1, URL2) values ('www.bdadtube.com/Danna Storror', 'www.bdadtube.com/Selene Cluff');
insert into Recommended (URL1, URL2) values ('www.bdadtube.com/Pincas Danev', 'www.bdadtube.com/Fraser Banister');
insert into Recommended (URL1, URL2) values ('www.bdadtube.com/Arabele Cricket', 'www.bdadtube.com/Aloise Swains');
insert into Recommended (URL1, URL2) values ('www.bdadtube.com/Dreddy Shimmans', 'www.bdadtube.com/Jehu Palethorpe');
insert into Recommended (URL1, URL2) values ('www.bdadtube.com/Windy Catto', 'www.bdadtube.com/Danna Storror');
insert into Recommended (URL1, URL2) values ('www.bdadtube.com/Richy Papaminas', 'www.bdadtube.com/Nisse Sheber');
insert into Recommended (URL1, URL2) values ('www.bdadtube.com/Chrisse McTear', 'www.bdadtube.com/Dawna Checkley');
insert into Recommended (URL1, URL2) values ('www.bdadtube.com/Wallie Folder', 'www.bdadtube.com/Dorothea Storrie');
insert into Recommended (URL1, URL2) values ('www.bdadtube.com/Malissa Heiden', 'www.bdadtube.com/Merell Raywood');



-- Playlist
insert into Playlist (URL, name, ID) values ('www.bdadtube.com/playlist?list=PLyfE3pnEk1', 'Polarised', 38);
insert into Playlist (URL, name, ID) values ('www.bdadtube.com/playlist?list=PLyfE3pnEk2', 'ability', 36);
insert into Playlist (URL, name, ID) values ('www.bdadtube.com/playlist?list=PLyfE3pnEk3', 'Mandatory', 14);
insert into Playlist (URL, name, ID) values ('www.bdadtube.com/playlist?list=PLyfE3pnEk4', 'extranet', 43);
insert into Playlist (URL, name, ID) values ('www.bdadtube.com/playlist?list=PLyfE3pnEk5', 'Sharable', 24);
insert into Playlist (URL, name, ID) values ('www.bdadtube.com/playlist?list=PLyfE3pnEk6', 'maximized', 25);
insert into Playlist (URL, name, ID) values ('www.bdadtube.com/playlist?list=PLyfE3pnEk7', 'superstructure', 21);
insert into Playlist (URL, name, ID) values ('www.bdadtube.com/playlist?list=PLyfE3pnEk8', 'Cross-group', 26);
insert into Playlist (URL, name, ID) values ('www.bdadtube.com/playlist?list=PLyfE3pnEk9', 'Proactive', 32);
insert into Playlist (URL, name, ID) values ('www.bdadtube.com/playlist?list=PLyfE3pnEk10', 'human-resource', 11);
insert into Playlist (URL, name, ID) values ('www.bdadtube.com/playlist?list=PLyfE3pnEk11', 'frame', 10);
insert into Playlist (URL, name, ID) values ('www.bdadtube.com/playlist?list=PLyfE3pnEk12', 'task-force', 13);
insert into Playlist (URL, name, ID) values ('www.bdadtube.com/playlist?list=PLyfE3pnEk13', 'Stand-alone', 6);
insert into Playlist (URL, name, ID) values ('www.bdadtube.com/playlist?list=PLyfE3pnEk14', 'implementation', 39);
insert into Playlist (URL, name, ID) values ('www.bdadtube.com/playlist?list=PLyfE3pnEk15', 'policy', 42);
insert into Playlist (URL, name, ID) values ('www.bdadtube.com/playlist?list=PLyfE3pnEk16', 'fault-tolerant', 44);
insert into Playlist (URL, name, ID) values ('www.bdadtube.com/playlist?list=PLyfE3pnEk17', 'logistical', 45);
insert into Playlist (URL, name, ID) values ('www.bdadtube.com/playlist?list=PLyfE3pnEk18', 'Configurable', 41);
insert into Playlist (URL, name, ID) values ('www.bdadtube.com/playlist?list=PLyfE3pnEk19', 'asymmetric', 24);
insert into Playlist (URL, name, ID) values ('www.bdadtube.com/playlist?list=PLyfE3pnEk20', 'multi-state', 33);
insert into Playlist (URL, name, ID) values ('www.bdadtube.com/playlist?list=PLyfE3pnEk21', 'website', 12);
insert into Playlist (URL, name, ID) values ('www.bdadtube.com/playlist?list=PLyfE3pnEk22', 'Virtual', 44);
insert into Playlist (URL, name, ID) values ('www.bdadtube.com/playlist?list=PLyfE3pnEk23', 'high-level', 2);
insert into Playlist (URL, name, ID) values ('www.bdadtube.com/playlist?list=PLyfE3pnEk24', 'user-facing', 33);
insert into Playlist (URL, name, ID) values ('www.bdadtube.com/playlist?list=PLyfE3pnEk25', 'extranet', 20);
insert into Playlist (URL, name, ID) values ('www.bdadtube.com/playlist?list=PLyfE3pnEk26', 'Digitized', 25);
insert into Playlist (URL, name, ID) values ('www.bdadtube.com/playlist?list=PLyfE3pnEk27', 'static', 45);
insert into Playlist (URL, name, ID) values ('www.bdadtube.com/playlist?list=PLyfE3pnEk28', 'Compatible', 38);
insert into Playlist (URL, name, ID) values ('www.bdadtube.com/playlist?list=PLyfE3pnEk29', 'Pre-emptive', 35);
insert into Playlist (URL, name, ID) values ('www.bdadtube.com/playlist?list=PLyfE3pnEk30', 'knowledge base', 49);



--Monetized Video
insert into MonetizedVideo (total_payment, URL) values (0.18, 'bdadtube.com/watch/5263686');
insert into MonetizedVideo (total_payment, URL) values (0.7, 'bdadtube.com/watch/5263696');
insert into MonetizedVideo (total_payment, URL) values (0.03, 'bdadtube.com/watch/5263707');
insert into MonetizedVideo (total_payment, URL) values (0.69, 'bdadtube.com/watch/5263690');
insert into MonetizedVideo (total_payment, URL) values (0.44, 'bdadtube.com/watch/5263693');
insert into MonetizedVideo (total_payment, URL) values (0.1, 'bdadtube.com/watch/5263711');
insert into MonetizedVideo (total_payment, URL) values (0.43, 'bdadtube.com/watch/5263672');
insert into MonetizedVideo (total_payment, URL) values (0.62, 'bdadtube.com/watch/5263677');
insert into MonetizedVideo (total_payment, URL) values (0.35, 'bdadtube.com/watch/5263710');
insert into MonetizedVideo (total_payment, URL) values (0.38, 'bdadtube.com/watch/5263688');
insert into MonetizedVideo (total_payment, URL) values (0.25, 'bdadtube.com/watch/5263647');
insert into MonetizedVideo (total_payment, URL) values (0.74, 'bdadtube.com/watch/5263689');
insert into MonetizedVideo (total_payment, URL) values (0.53, 'bdadtube.com/watch/5263722');
insert into MonetizedVideo (total_payment, URL) values (0.06, 'bdadtube.com/watch/5263680');
insert into MonetizedVideo (total_payment, URL) values (0.85, 'bdadtube.com/watch/5263646');
insert into MonetizedVideo (total_payment, URL) values (0.06, 'bdadtube.com/watch/5263694');
insert into MonetizedVideo (total_payment, URL) values (0.21, 'bdadtube.com/watch/5263701');
insert into MonetizedVideo (total_payment, URL) values (0.8, 'bdadtube.com/watch/5263708');
insert into MonetizedVideo (total_payment, URL) values (0.37, 'bdadtube.com/watch/5263684');
insert into MonetizedVideo (total_payment, URL) values (0.57, 'bdadtube.com/watch/5263659');
insert into MonetizedVideo (total_payment, URL) values (0.02, 'bdadtube.com/watch/5263679');
insert into MonetizedVideo (total_payment, URL) values (0.03, 'bdadtube.com/watch/5263683');
insert into MonetizedVideo (total_payment, URL) values (0.38, 'bdadtube.com/watch/5263706');
insert into MonetizedVideo (total_payment, URL) values (0.85, 'bdadtube.com/watch/5263660');


--Promoting Entity
insert into PromotingEntity (name) values ('Viva');
insert into PromotingEntity (name) values ('name');
insert into PromotingEntity (name) values ('Cogilith');
insert into PromotingEntity (name) values ('Skivee');
insert into PromotingEntity (name) values ('Meedoo');
insert into PromotingEntity (name) values ('Browsezoom');
insert into PromotingEntity (name) values ('Fivechat');
insert into PromotingEntity (name) values ('Kwilith');
insert into PromotingEntity (name) values ('Yodoo');
insert into PromotingEntity (name) values ('Flashpoint');
insert into PromotingEntity (name) values ('Yoveo');
insert into PromotingEntity (name) values ('Eamia');
insert into PromotingEntity (name) values ('Realbridge');
insert into PromotingEntity (name) values ('Zoomdog');
insert into PromotingEntity (name) values ('Centizu');
insert into PromotingEntity (name) values ('Quire');
insert into PromotingEntity (name) values ('Skinte');


--Ad

insert into Ad (URL, payment, namePromotingEntity) values ('bdadtube.com/watch/5263721', 0.17, 'Viva');
insert into Ad (URL, payment, namePromotingEntity) values ('bdadtube.com/watch/5263704', 0.86, 'name');
insert into Ad (URL, payment, namePromotingEntity) values ('bdadtube.com/watch/5263667', 0.13, 'Cogilith');
insert into Ad (URL, payment, namePromotingEntity) values ('bdadtube.com/watch/5263689', 0.14, 'Skivee');
insert into Ad (URL, payment, namePromotingEntity) values ('bdadtube.com/watch/5263664', 0.94, 'Meedoo');
insert into Ad (URL, payment, namePromotingEntity) values ('bdadtube.com/watch/5263666', 0.99, 'Browsezoom');
insert into Ad (URL, payment, namePromotingEntity) values ('bdadtube.com/watch/5263665', 0.89, 'Fivechat');
insert into Ad (URL, payment, namePromotingEntity) values ('bdadtube.com/watch/5263692', 0.17, 'Kwilith');
insert into Ad (URL, payment, namePromotingEntity) values ('bdadtube.com/watch/5263675', 0.73, 'Yodoo');
insert into Ad (URL, payment, namePromotingEntity) values ('bdadtube.com/watch/5263720', 0.93, 'Flashpoint');
insert into Ad (URL, payment, namePromotingEntity) values ('bdadtube.com/watch/5263723', 0.78, 'Yoveo');
insert into Ad (URL, payment, namePromotingEntity) values ('bdadtube.com/watch/5263650', 0.92, 'Eamia');
insert into Ad (URL, payment, namePromotingEntity) values ('bdadtube.com/watch/5263709', 0.36, 'Kwilith');
insert into Ad (URL, payment, namePromotingEntity) values ('bdadtube.com/watch/5263649', 0.28, 'Meedoo');
insert into Ad (URL, payment, namePromotingEntity) values ('bdadtube.com/watch/5263653', 0.06, 'Realbridge');
insert into Ad (URL, payment, namePromotingEntity) values ('bdadtube.com/watch/5263703', 0.1, 'Zoomdog');
insert into Ad (URL, payment, namePromotingEntity) values ('bdadtube.com/watch/5263674', 0.59, 'Skinte');
insert into Ad (URL, payment, namePromotingEntity) values ('bdadtube.com/watch/5263670', 0.12, 'Kwilith');


--NumberOfTimesViewed
--Ad
insert into NumberOfTimesViewed (URLad, URLmonetizedVideo, number_of_times_viewed) values ('bdadtube.com/watch/5263721', 'bdadtube.com/watch/5263686', 18);
insert into NumberOfTimesViewed (URLad, URLmonetizedVideo, number_of_times_viewed) values ('bdadtube.com/watch/5263689', 'bdadtube.com/watch/5263689', 59);
insert into NumberOfTimesViewed (URLad, URLmonetizedVideo, number_of_times_viewed) values ('bdadtube.com/watch/5263703', 'bdadtube.com/watch/5263647', 82);
insert into NumberOfTimesViewed (URLad, URLmonetizedVideo, number_of_times_viewed) values ('bdadtube.com/watch/5263689', 'bdadtube.com/watch/5263696', 17);
insert into NumberOfTimesViewed (URLad, URLmonetizedVideo, number_of_times_viewed) values ('bdadtube.com/watch/5263666', 'bdadtube.com/watch/5263686', 19);
insert into NumberOfTimesViewed (URLad, URLmonetizedVideo, number_of_times_viewed) values ('bdadtube.com/watch/5263665', 'bdadtube.com/watch/5263690', 45);
insert into NumberOfTimesViewed (URLad, URLmonetizedVideo, number_of_times_viewed) values ('bdadtube.com/watch/5263664', 'bdadtube.com/watch/5263701', 28);
insert into NumberOfTimesViewed (URLad, URLmonetizedVideo, number_of_times_viewed) values ('bdadtube.com/watch/5263665', 'bdadtube.com/watch/5263684', 47);
insert into NumberOfTimesViewed (URLad, URLmonetizedVideo, number_of_times_viewed) values ('bdadtube.com/watch/5263692', 'bdadtube.com/watch/5263696', 66);
insert into NumberOfTimesViewed (URLad, URLmonetizedVideo, number_of_times_viewed) values ('bdadtube.com/watch/5263667', 'bdadtube.com/watch/5263677', 17);
insert into NumberOfTimesViewed (URLad, URLmonetizedVideo, number_of_times_viewed) values ('bdadtube.com/watch/5263689', 'bdadtube.com/watch/5263694', 85);
insert into NumberOfTimesViewed (URLad, URLmonetizedVideo, number_of_times_viewed) values ('bdadtube.com/watch/5263675', 'bdadtube.com/watch/5263701', 84);
insert into NumberOfTimesViewed (URLad, URLmonetizedVideo, number_of_times_viewed) values ('bdadtube.com/watch/5263653', 'bdadtube.com/watch/5263701', 93);
insert into NumberOfTimesViewed (URLad, URLmonetizedVideo, number_of_times_viewed) values ('bdadtube.com/watch/5263689', 'bdadtube.com/watch/5263686', 63);
insert into NumberOfTimesViewed (URLad, URLmonetizedVideo, number_of_times_viewed) values ('bdadtube.com/watch/5263689', 'bdadtube.com/watch/5263684', 73);
insert into NumberOfTimesViewed (URLad, URLmonetizedVideo, number_of_times_viewed) values ('bdadtube.com/watch/5263721', 'bdadtube.com/watch/5263684', 12);
insert into NumberOfTimesViewed (URLad, URLmonetizedVideo, number_of_times_viewed) values ('bdadtube.com/watch/5263674', 'bdadtube.com/watch/5263701', 75);
insert into NumberOfTimesViewed (URLad, URLmonetizedVideo, number_of_times_viewed) values ('bdadtube.com/watch/5263674', 'bdadtube.com/watch/5263684', 31);
insert into NumberOfTimesViewed (URLad, URLmonetizedVideo, number_of_times_viewed) values ('bdadtube.com/watch/5263689', 'bdadtube.com/watch/5263701', 94);


--ViewVideo
insert into ViewVideo (time_viewed, reaction, URL, ID) values ('12:17 AM', -1, 'bdadtube.com/watch/5263699', 30);
insert into ViewVideo (time_viewed, reaction, URL, ID) values ('12:15 AM', 0, 'bdadtube.com/watch/5263715', 10);
insert into ViewVideo (time_viewed, reaction, URL, ID) values ('12:09 AM', 0, 'bdadtube.com/watch/5263692', 50);
insert into ViewVideo (time_viewed, reaction, URL, ID) values ('12:27 AM', -1, 'bdadtube.com/watch/5263699', 10);
insert into ViewVideo (time_viewed, reaction, URL, ID) values ('12:07 AM', -1, 'bdadtube.com/watch/5263723', 15);
insert into ViewVideo (time_viewed, reaction, URL, ID) values ('12:11 AM', -1, 'bdadtube.com/watch/5263725', 27);
insert into ViewVideo (time_viewed, reaction, URL, ID) values ('12:19 AM', 1, 'bdadtube.com/watch/5263702', 6);
insert into ViewVideo (time_viewed, reaction, URL, ID) values ('12:06 AM', 1, 'bdadtube.com/watch/5263655', 26);
insert into ViewVideo (time_viewed, reaction, URL, ID) values ('12:24 AM', 0, 'bdadtube.com/watch/5263684', 26);
insert into ViewVideo (time_viewed, reaction, URL, ID) values ('12:18 AM', -1, 'bdadtube.com/watch/5263668', 12);
insert into ViewVideo (time_viewed, reaction, URL, ID) values ('12:16 AM', 1, 'bdadtube.com/watch/5263676', 34);
insert into ViewVideo (time_viewed, reaction, URL, ID) values ('12:29 AM', 1, 'bdadtube.com/watch/5263718', 45);
insert into ViewVideo (time_viewed, reaction, URL, ID) values ('12:27 AM', 0, 'bdadtube.com/watch/5263675', 38);
insert into ViewVideo (time_viewed, reaction, URL, ID) values ('12:14 AM', -1, 'bdadtube.com/watch/5263713', 43);
insert into ViewVideo (time_viewed, reaction, URL, ID) values ('12:27 AM', 0, 'bdadtube.com/watch/5263679', 41);
insert into ViewVideo (time_viewed, reaction, URL, ID) values ('12:18 AM', -1, 'bdadtube.com/watch/5263657', 23);
insert into ViewVideo (time_viewed, reaction, URL, ID) values ('12:23 AM', -1, 'bdadtube.com/watch/5263703', 47);
insert into ViewVideo (time_viewed, reaction, URL, ID) values ('12:20 AM', 0, 'bdadtube.com/watch/5263686', 42);
insert into ViewVideo (time_viewed, reaction, URL, ID) values ('12:20 AM', 1, 'bdadtube.com/watch/5263663', 41);
insert into ViewVideo (time_viewed, reaction, URL, ID) values ('12:29 AM', 1, 'bdadtube.com/watch/5263723', 37);
insert into ViewVideo (time_viewed, reaction, URL, ID) values ('12:03 AM', 1, 'bdadtube.com/watch/5263712', 49);
insert into ViewVideo (time_viewed, reaction, URL, ID) values ('12:23 AM', -1, 'bdadtube.com/watch/5263652', 49);
insert into ViewVideo (time_viewed, reaction, URL, ID) values ('12:21 AM', -1, 'bdadtube.com/watch/5263674', 30);
insert into ViewVideo (time_viewed, reaction, URL, ID) values ('12:21 AM', 0, 'bdadtube.com/watch/5263666', 24);
insert into ViewVideo (time_viewed, reaction, URL, ID) values ('12:13 AM', 0, 'bdadtube.com/watch/5263674', 17);
insert into ViewVideo (time_viewed, reaction, URL, ID) values ('12:26 AM', 0, 'bdadtube.com/watch/5263647', 8);
insert into ViewVideo (time_viewed, reaction, URL, ID) values ('12:03 AM', -1, 'bdadtube.com/watch/5263652', 29);
insert into ViewVideo (time_viewed, reaction, URL, ID) values ('12:13 AM', -1, 'bdadtube.com/watch/5263660', 1);
insert into ViewVideo (time_viewed, reaction, URL, ID) values ('12:02 AM', 1, 'bdadtube.com/watch/5263666', 17);
insert into ViewVideo (time_viewed, reaction, URL, ID) values ('12:20 AM', -1, 'bdadtube.com/watch/5263689', 43);
insert into ViewVideo (time_viewed, reaction, URL, ID) values ('12:26 AM', 1, 'bdadtube.com/watch/5263684', 32);
insert into ViewVideo (time_viewed, reaction, URL, ID) values ('12:10 AM', 1, 'bdadtube.com/watch/5263649', 7);
insert into ViewVideo (time_viewed, reaction, URL, ID) values ('12:28 AM', -1, 'bdadtube.com/watch/5263684', 16);
insert into ViewVideo (time_viewed, reaction, URL, ID) values ('12:14 AM', 1, 'bdadtube.com/watch/5263646', 9);
insert into ViewVideo (time_viewed, reaction, URL, ID) values ('12:06 AM', -1, 'bdadtube.com/watch/5263648', 10);
insert into ViewVideo (time_viewed, reaction, URL, ID) values ('12:04 AM', -1, 'bdadtube.com/watch/5263661', 42);
insert into ViewVideo (time_viewed, reaction, URL, ID) values ('12:26 AM', 0, 'bdadtube.com/watch/5263651', 15);
insert into ViewVideo (time_viewed, reaction, URL, ID) values ('12:08 AM', -1, 'bdadtube.com/watch/5263683', 7);
insert into ViewVideo (time_viewed, reaction, URL, ID) values ('12:16 AM', 0, 'bdadtube.com/watch/5263671', 40);
insert into ViewVideo (time_viewed, reaction, URL, ID) values ('12:09 AM', 1, 'bdadtube.com/watch/5263707', 2);
insert into ViewVideo (time_viewed, reaction, URL, ID) values ('12:12 AM', -1, 'bdadtube.com/watch/5263661', 49);
insert into ViewVideo (time_viewed, reaction, URL, ID) values ('12:25 AM', 1, 'bdadtube.com/watch/5263724', 18);
insert into ViewVideo (time_viewed, reaction, URL, ID) values ('12:26 AM', 0, 'bdadtube.com/watch/5263719', 42);
insert into ViewVideo (time_viewed, reaction, URL, ID) values ('12:00 AM', 0, 'bdadtube.com/watch/5263668', 34);
insert into ViewVideo (time_viewed, reaction, URL, ID) values ('12:23 AM', 1, 'bdadtube.com/watch/5263697', 36);
insert into ViewVideo (time_viewed, reaction, URL, ID) values ('12:08 AM', 1, 'bdadtube.com/watch/5263712', 21);
insert into ViewVideo (time_viewed, reaction, URL, ID) values ('12:04 AM', 1, 'bdadtube.com/watch/5263668', 23);
insert into ViewVideo (time_viewed, reaction, URL, ID) values ('12:17 AM', 1, 'bdadtube.com/watch/5263656', 4);
insert into ViewVideo (time_viewed, reaction, URL, ID) values ('12:04 AM', 0, 'bdadtube.com/watch/5263673', 32);
insert into ViewVideo (time_viewed, reaction, URL, ID) values ('12:01 AM', -1, 'bdadtube.com/watch/5263665', 6);
insert into ViewVideo (time_viewed, reaction, URL, ID) values ('12:20 AM', -1, 'bdadtube.com/watch/5263673', 9);
insert into ViewVideo (time_viewed, reaction, URL, ID) values ('12:09 AM', 1, 'bdadtube.com/watch/5263659', 32);
insert into ViewVideo (time_viewed, reaction, URL, ID) values ('12:04 AM', 1, 'bdadtube.com/watch/5263701', 11);
insert into ViewVideo (time_viewed, reaction, URL, ID) values ('12:01 AM', 1, 'bdadtube.com/watch/5263707', 29);
insert into ViewVideo (time_viewed, reaction, URL, ID) values ('12:26 AM', 1, 'bdadtube.com/watch/5263674', 49);
insert into ViewVideo (time_viewed, reaction, URL, ID) values ('12:21 AM', 0, 'bdadtube.com/watch/5263695', 14);
insert into ViewVideo (time_viewed, reaction, URL, ID) values ('12:26 AM', 0, 'bdadtube.com/watch/5263692', 44);
insert into ViewVideo (time_viewed, reaction, URL, ID) values ('12:08 AM', 1, 'bdadtube.com/watch/5263664', 1);
insert into ViewVideo (time_viewed, reaction, URL, ID) values ('12:11 AM', 1, 'bdadtube.com/watch/5263717', 30);
insert into ViewVideo (time_viewed, reaction, URL, ID) values ('12:03 AM', 0, 'bdadtube.com/watch/5263710', 32);
insert into ViewVideo (time_viewed, reaction, URL, ID) values ('12:13 AM', -1, 'bdadtube.com/watch/5263725', 3);
insert into ViewVideo (time_viewed, reaction, URL, ID) values ('12:23 AM', -1, 'bdadtube.com/watch/5263672', 31);
insert into ViewVideo (time_viewed, reaction, URL, ID) values ('12:04 AM', 1, 'bdadtube.com/watch/5263678', 3);
insert into ViewVideo (time_viewed, reaction, URL, ID) values ('12:02 AM', 0, 'bdadtube.com/watch/5263653', 31);
insert into ViewVideo (time_viewed, reaction, URL, ID) values ('12:29 AM', 0, 'bdadtube.com/watch/5263676', 39);
insert into ViewVideo (time_viewed, reaction, URL, ID) values ('12:09 AM', 0, 'bdadtube.com/watch/5263668', 8);
insert into ViewVideo (time_viewed, reaction, URL, ID) values ('12:06 AM', -1, 'bdadtube.com/watch/5263679', 4);
insert into ViewVideo (time_viewed, reaction, URL, ID) values ('12:17 AM', 1, 'bdadtube.com/watch/5263695', 49);
insert into ViewVideo (time_viewed, reaction, URL, ID) values ('12:09 AM', -1, 'bdadtube.com/watch/5263671', 23);
insert into ViewVideo (time_viewed, reaction, URL, ID) values ('12:25 AM', 0, 'bdadtube.com/watch/5263646', 47);
insert into ViewVideo (time_viewed, reaction, URL, ID) values ('12:27 AM', 0, 'bdadtube.com/watch/5263724', 30);
insert into ViewVideo (time_viewed, reaction, URL, ID) values ('12:23 AM', -1, 'bdadtube.com/watch/5263651', 42);
insert into ViewVideo (time_viewed, reaction, URL, ID) values ('12:12 AM', -1, 'bdadtube.com/watch/5263668', 21);
insert into ViewVideo (time_viewed, reaction, URL, ID) values ('12:08 AM', 1, 'bdadtube.com/watch/5263694', 38);


--PlaylistVideos
insert into PlaylistVideos (URLplaylist, URLvideo) values ('www.bdadtube.com/playlist?list=PLyfE3pnEk20', 'bdadtube.com/watch/5263671');
insert into PlaylistVideos (URLplaylist, URLvideo) values ('www.bdadtube.com/playlist?list=PLyfE3pnEk27', 'bdadtube.com/watch/5263669');
insert into PlaylistVideos (URLplaylist, URLvideo) values ('www.bdadtube.com/playlist?list=PLyfE3pnEk19', 'bdadtube.com/watch/5263660');
insert into PlaylistVideos (URLplaylist, URLvideo) values ('www.bdadtube.com/playlist?list=PLyfE3pnEk5', 'bdadtube.com/watch/5263684');
insert into PlaylistVideos (URLplaylist, URLvideo) values ('www.bdadtube.com/playlist?list=PLyfE3pnEk2', 'bdadtube.com/watch/5263683');
insert into PlaylistVideos (URLplaylist, URLvideo) values ('www.bdadtube.com/playlist?list=PLyfE3pnEk13', 'bdadtube.com/watch/5263709');
insert into PlaylistVideos (URLplaylist, URLvideo) values ('www.bdadtube.com/playlist?list=PLyfE3pnEk3', 'bdadtube.com/watch/5263698');
insert into PlaylistVideos (URLplaylist, URLvideo) values ('www.bdadtube.com/playlist?list=PLyfE3pnEk23', 'bdadtube.com/watch/5263661');
insert into PlaylistVideos (URLplaylist, URLvideo) values ('www.bdadtube.com/playlist?list=PLyfE3pnEk25', 'bdadtube.com/watch/5263720');
insert into PlaylistVideos (URLplaylist, URLvideo) values ('www.bdadtube.com/playlist?list=PLyfE3pnEk20', 'bdadtube.com/watch/5263665');
insert into PlaylistVideos (URLplaylist, URLvideo) values ('www.bdadtube.com/playlist?list=PLyfE3pnEk13', 'bdadtube.com/watch/5263650');
insert into PlaylistVideos (URLplaylist, URLvideo) values ('www.bdadtube.com/playlist?list=PLyfE3pnEk3', 'bdadtube.com/watch/5263709');
insert into PlaylistVideos (URLplaylist, URLvideo) values ('www.bdadtube.com/playlist?list=PLyfE3pnEk25', 'bdadtube.com/watch/5263652');
insert into PlaylistVideos (URLplaylist, URLvideo) values ('www.bdadtube.com/playlist?list=PLyfE3pnEk18', 'bdadtube.com/watch/5263715');
insert into PlaylistVideos (URLplaylist, URLvideo) values ('www.bdadtube.com/playlist?list=PLyfE3pnEk28', 'bdadtube.com/watch/5263657');
insert into PlaylistVideos (URLplaylist, URLvideo) values ('www.bdadtube.com/playlist?list=PLyfE3pnEk15', 'bdadtube.com/watch/5263700');
insert into PlaylistVideos (URLplaylist, URLvideo) values ('www.bdadtube.com/playlist?list=PLyfE3pnEk8', 'bdadtube.com/watch/5263725');
insert into PlaylistVideos (URLplaylist, URLvideo) values ('www.bdadtube.com/playlist?list=PLyfE3pnEk8', 'bdadtube.com/watch/5263691');
insert into PlaylistVideos (URLplaylist, URLvideo) values ('www.bdadtube.com/playlist?list=PLyfE3pnEk12', 'bdadtube.com/watch/5263658');
insert into PlaylistVideos (URLplaylist, URLvideo) values ('www.bdadtube.com/playlist?list=PLyfE3pnEk18', 'bdadtube.com/watch/5263679');
insert into PlaylistVideos (URLplaylist, URLvideo) values ('www.bdadtube.com/playlist?list=PLyfE3pnEk26', 'bdadtube.com/watch/5263650');
insert into PlaylistVideos (URLplaylist, URLvideo) values ('www.bdadtube.com/playlist?list=PLyfE3pnEk17', 'bdadtube.com/watch/5263715');
insert into PlaylistVideos (URLplaylist, URLvideo) values ('www.bdadtube.com/playlist?list=PLyfE3pnEk21', 'bdadtube.com/watch/5263701');
insert into PlaylistVideos (URLplaylist, URLvideo) values ('www.bdadtube.com/playlist?list=PLyfE3pnEk19', 'bdadtube.com/watch/5263663');
insert into PlaylistVideos (URLplaylist, URLvideo) values ('www.bdadtube.com/playlist?list=PLyfE3pnEk6', 'bdadtube.com/watch/5263654');
insert into PlaylistVideos (URLplaylist, URLvideo) values ('www.bdadtube.com/playlist?list=PLyfE3pnEk28', 'bdadtube.com/watch/5263720');
insert into PlaylistVideos (URLplaylist, URLvideo) values ('www.bdadtube.com/playlist?list=PLyfE3pnEk8', 'bdadtube.com/watch/5263671');
insert into PlaylistVideos (URLplaylist, URLvideo) values ('www.bdadtube.com/playlist?list=PLyfE3pnEk22', 'bdadtube.com/watch/5263646');
insert into PlaylistVideos (URLplaylist, URLvideo) values ('www.bdadtube.com/playlist?list=PLyfE3pnEk24', 'bdadtube.com/watch/5263660');
insert into PlaylistVideos (URLplaylist, URLvideo) values ('www.bdadtube.com/playlist?list=PLyfE3pnEk22', 'bdadtube.com/watch/5263701');
insert into PlaylistVideos (URLplaylist, URLvideo) values ('www.bdadtube.com/playlist?list=PLyfE3pnEk27', 'bdadtube.com/watch/5263724');
insert into PlaylistVideos (URLplaylist, URLvideo) values ('www.bdadtube.com/playlist?list=PLyfE3pnEk4', 'bdadtube.com/watch/5263692');
insert into PlaylistVideos (URLplaylist, URLvideo) values ('www.bdadtube.com/playlist?list=PLyfE3pnEk10', 'bdadtube.com/watch/5263690');
insert into PlaylistVideos (URLplaylist, URLvideo) values ('www.bdadtube.com/playlist?list=PLyfE3pnEk3', 'bdadtube.com/watch/5263649');
insert into PlaylistVideos (URLplaylist, URLvideo) values ('www.bdadtube.com/playlist?list=PLyfE3pnEk30', 'bdadtube.com/watch/5263675');
insert into PlaylistVideos (URLplaylist, URLvideo) values ('www.bdadtube.com/playlist?list=PLyfE3pnEk30', 'bdadtube.com/watch/5263655');
insert into PlaylistVideos (URLplaylist, URLvideo) values ('www.bdadtube.com/playlist?list=PLyfE3pnEk16', 'bdadtube.com/watch/5263712');
insert into PlaylistVideos (URLplaylist, URLvideo) values ('www.bdadtube.com/playlist?list=PLyfE3pnEk28', 'bdadtube.com/watch/5263701');
insert into PlaylistVideos (URLplaylist, URLvideo) values ('www.bdadtube.com/playlist?list=PLyfE3pnEk12', 'bdadtube.com/watch/5263714');
insert into PlaylistVideos (URLplaylist, URLvideo) values ('www.bdadtube.com/playlist?list=PLyfE3pnEk27', 'bdadtube.com/watch/5263723');
insert into PlaylistVideos (URLplaylist, URLvideo) values ('www.bdadtube.com/playlist?list=PLyfE3pnEk17', 'bdadtube.com/watch/5263702');
insert into PlaylistVideos (URLplaylist, URLvideo) values ('www.bdadtube.com/playlist?list=PLyfE3pnEk9', 'bdadtube.com/watch/5263667');
insert into PlaylistVideos (URLplaylist, URLvideo) values ('www.bdadtube.com/playlist?list=PLyfE3pnEk5', 'bdadtube.com/watch/5263664');
insert into PlaylistVideos (URLplaylist, URLvideo) values ('www.bdadtube.com/playlist?list=PLyfE3pnEk28', 'bdadtube.com/watch/5263723');
insert into PlaylistVideos (URLplaylist, URLvideo) values ('www.bdadtube.com/playlist?list=PLyfE3pnEk10', 'bdadtube.com/watch/5263673');
insert into PlaylistVideos (URLplaylist, URLvideo) values ('www.bdadtube.com/playlist?list=PLyfE3pnEk26', 'bdadtube.com/watch/5263706');
insert into PlaylistVideos (URLplaylist, URLvideo) values ('www.bdadtube.com/playlist?list=PLyfE3pnEk12', 'bdadtube.com/watch/5263700');
insert into PlaylistVideos (URLplaylist, URLvideo) values ('www.bdadtube.com/playlist?list=PLyfE3pnEk28', 'bdadtube.com/watch/5263686');
insert into PlaylistVideos (URLplaylist, URLvideo) values ('www.bdadtube.com/playlist?list=PLyfE3pnEk22', 'bdadtube.com/watch/5263719');
insert into PlaylistVideos (URLplaylist, URLvideo) values ('www.bdadtube.com/playlist?list=PLyfE3pnEk12', 'bdadtube.com/watch/5263722');
insert into PlaylistVideos (URLplaylist, URLvideo) values ('www.bdadtube.com/playlist?list=PLyfE3pnEk30', 'bdadtube.com/watch/5263681');
insert into PlaylistVideos (URLplaylist, URLvideo) values ('www.bdadtube.com/playlist?list=PLyfE3pnEk27', 'bdadtube.com/watch/5263700');
insert into PlaylistVideos (URLplaylist, URLvideo) values ('www.bdadtube.com/playlist?list=PLyfE3pnEk19', 'bdadtube.com/watch/5263691');
insert into PlaylistVideos (URLplaylist, URLvideo) values ('www.bdadtube.com/playlist?list=PLyfE3pnEk13', 'bdadtube.com/watch/5263700');
insert into PlaylistVideos (URLplaylist, URLvideo) values ('www.bdadtube.com/playlist?list=PLyfE3pnEk5', 'bdadtube.com/watch/5263689');
insert into PlaylistVideos (URLplaylist, URLvideo) values ('www.bdadtube.com/playlist?list=PLyfE3pnEk21', 'bdadtube.com/watch/5263712');
insert into PlaylistVideos (URLplaylist, URLvideo) values ('www.bdadtube.com/playlist?list=PLyfE3pnEk29', 'bdadtube.com/watch/5263705');
insert into PlaylistVideos (URLplaylist, URLvideo) values ('www.bdadtube.com/playlist?list=PLyfE3pnEk9', 'bdadtube.com/watch/5263683');
insert into PlaylistVideos (URLplaylist, URLvideo) values ('www.bdadtube.com/playlist?list=PLyfE3pnEk10', 'bdadtube.com/watch/5263683');
insert into PlaylistVideos (URLplaylist, URLvideo) values ('www.bdadtube.com/playlist?list=PLyfE3pnEk7', 'bdadtube.com/watch/5263668');
insert into PlaylistVideos (URLplaylist, URLvideo) values ('www.bdadtube.com/playlist?list=PLyfE3pnEk20', 'bdadtube.com/watch/5263717');
insert into PlaylistVideos (URLplaylist, URLvideo) values ('www.bdadtube.com/playlist?list=PLyfE3pnEk12', 'bdadtube.com/watch/5263649');
insert into PlaylistVideos (URLplaylist, URLvideo) values ('www.bdadtube.com/playlist?list=PLyfE3pnEk22', 'bdadtube.com/watch/5263690');
insert into PlaylistVideos (URLplaylist, URLvideo) values ('www.bdadtube.com/playlist?list=PLyfE3pnEk18', 'bdadtube.com/watch/5263707');
insert into PlaylistVideos (URLplaylist, URLvideo) values ('www.bdadtube.com/playlist?list=PLyfE3pnEk1', 'bdadtube.com/watch/5263701');
insert into PlaylistVideos (URLplaylist, URLvideo) values ('www.bdadtube.com/playlist?list=PLyfE3pnEk10', 'bdadtube.com/watch/5263719');
insert into PlaylistVideos (URLplaylist, URLvideo) values ('www.bdadtube.com/playlist?list=PLyfE3pnEk14', 'bdadtube.com/watch/5263675');
insert into PlaylistVideos (URLplaylist, URLvideo) values ('www.bdadtube.com/playlist?list=PLyfE3pnEk15', 'bdadtube.com/watch/5263656');
insert into PlaylistVideos (URLplaylist, URLvideo) values ('www.bdadtube.com/playlist?list=PLyfE3pnEk16', 'bdadtube.com/watch/5263650');
insert into PlaylistVideos (URLplaylist, URLvideo) values ('www.bdadtube.com/playlist?list=PLyfE3pnEk30', 'bdadtube.com/watch/5263717');
insert into PlaylistVideos (URLplaylist, URLvideo) values ('www.bdadtube.com/playlist?list=PLyfE3pnEk22', 'bdadtube.com/watch/5263674');
insert into PlaylistVideos (URLplaylist, URLvideo) values ('www.bdadtube.com/playlist?list=PLyfE3pnEk6', 'bdadtube.com/watch/5263681');
insert into PlaylistVideos (URLplaylist, URLvideo) values ('www.bdadtube.com/playlist?list=PLyfE3pnEk20', 'bdadtube.com/watch/5263654');


--Data: Announcement

insert into Announcement (URL, content, image, number_of_likes, URLchannel) values ('bdadtube.com/announc/5252513', 'Nullam orci pede, venenatis non, sodales sed, tincidunt eu, felis. Fusce posuere felis sed lacus. Morbi sem mauris, laoreet ut, rhoncus aliquet, pulvinar sed, nisl.', null, 1, 'www.bdadtube.com/Ewart McNeice');
insert into Announcement (URL, content, image, number_of_likes, URLchannel) values ('bdadtube.com/announc/5252514', 'Nam congue, risus semper porta volutpat, quam pede lobortis ligula, sit amet eleifend pede libero quis orci. Nullam molestie nibh in lectus.', null, 20, 'www.bdadtube.com/Dulcy Hammond');
insert into Announcement (URL, content, image, number_of_likes, URLchannel) values ('bdadtube.com/announc/5252515', 'Cum sociis natoque penatibus et magnis dis parturient montes, nascetur ridiculus mus. Vivamus vestibulum sagittis sapien. Cum sociis natoque penatibus et magnis dis parturient montes, nascetur ridiculus mus. Etiam vel augue.', null, 24, 'www.bdadtube.com/Arabele Cricket');
insert into Announcement (URL, content, image, number_of_likes, URLchannel) values ('bdadtube.com/announc/5252516', 'Quisque id justo sit amet sapien dignissim vestibulum.', null, 15, 'www.bdadtube.com/Shirleen Adamsen');
insert into Announcement (URL, content, image, number_of_likes, URLchannel) values ('bdadtube.com/announc/5252517', 'Aliquam non mauris. Morbi non lectus.', null, 1, 'www.bdadtube.com/Dorothea Storrie');
insert into Announcement (URL, content, image, number_of_likes, URLchannel) values ('bdadtube.com/announc/5252518', 'Donec ut mauris eget massa tempor convallis.', null, 13, 'www.bdadtube.com/Eva Murname');
insert into Announcement (URL, content, image, number_of_likes, URLchannel) values ('bdadtube.com/announc/5252519', 'Fusce congue, diam id ornare imperdiet, sapien urna pretium nisl, ut volutpat sapien arcu sed augue. Aliquam erat volutpat.', null, 28, 'www.bdadtube.com/Richy Papaminas');
insert into Announcement (URL, content, image, number_of_likes, URLchannel) values ('bdadtube.com/announc/5252520', 'Duis mattis egestas metus. Aenean fermentum. Donec ut mauris eget massa tempor convallis.', null, 1, 'www.bdadtube.com/Stacey Bowery');
insert into Announcement (URL, content, image, number_of_likes, URLchannel) values ('bdadtube.com/announc/5252521', 'Integer aliquet, massa id lobortis convallis, tortor risus dapibus augue, vel accumsan tellus nisi eu orci. Mauris lacinia sapien quis libero.', null, 11, 'www.bdadtube.com/Selene Cluff');
insert into Announcement (URL, content, image, number_of_likes, URLchannel) values ('bdadtube.com/announc/5252522', 'Vivamus in felis eu sapien cursus vestibulum. Proin eu mi.', null, 12, 'www.bdadtube.com/Guido Shanks');
insert into Announcement (URL, content, image, number_of_likes, URLchannel) values ('bdadtube.com/announc/5252523', 'Morbi quis tortor id nulla ultrices aliquet. Maecenas leo odio, condimentum id, luctus nec, molestie sed, justo. Pellentesque viverra pede ac diam.', null, 8, 'www.bdadtube.com/Elke Bidewell');
insert into Announcement (URL, content, image, number_of_likes, URLchannel) values ('bdadtube.com/announc/5252524', 'Vivamus in felis eu sapien cursus vestibulum. Proin eu mi.', null, 22, 'www.bdadtube.com/Heall Toolan');
insert into Announcement (URL, content, image, number_of_likes, URLchannel) values ('bdadtube.com/announc/5252525', 'Vivamus in felis eu sapien cursus vestibulum. Proin eu mi. Nulla ac enim.', null, 28, 'www.bdadtube.com/Selene Cluff');
insert into Announcement (URL, content, image, number_of_likes, URLchannel) values ('bdadtube.com/announc/5252526', 'Nulla facilisi. Cras non velit nec nisi vulputate nonummy. Maecenas tincidunt lacus at velit.', null, 1, 'www.bdadtube.com/Guido Shanks');
insert into Announcement (URL, content, image, number_of_likes, URLchannel) values ('bdadtube.com/announc/5252527', 'Curabitur in libero ut massa volutpat convallis. Morbi odio odio, elementum eu, interdum eu, tincidunt in, leo. Maecenas pulvinar lobortis est. Phasellus sit amet erat.', null, 0, 'www.bdadtube.com/Malissa Heiden');
insert into Announcement (URL, content, image, number_of_likes, URLchannel) values ('bdadtube.com/announc/5252528', 'Nam congue, risus semper porta volutpat, quam pede lobortis ligula, sit amet eleifend pede libero quis orci. Nullam molestie nibh in lectus.', null, 25, 'www.bdadtube.com/Dawna Checkley');
insert into Announcement (URL, content, image, number_of_likes, URLchannel) values ('bdadtube.com/announc/5252529', 'Nulla suscipit ligula in lacus. Curabitur at ipsum ac tellus semper interdum. Mauris ullamcorper purus sit amet nulla.', null, 13, 'www.bdadtube.com/Dudley Jellard');
insert into Announcement (URL, content, image, number_of_likes, URLchannel) values ('bdadtube.com/announc/5252530', 'Praesent blandit lacinia erat.', null, 8, 'www.bdadtube.com/Rozanne Hewlings');
insert into Announcement (URL, content, image, number_of_likes, URLchannel) values ('bdadtube.com/announc/5252531', 'Cras mi pede, malesuada in, imperdiet et, commodo vulputate, justo. In blandit ultrices enim. Lorem ipsum dolor sit amet, consectetuer adipiscing elit. Proin interdum mauris non ligula pellentesque ultrices.', null, 16, 'www.bdadtube.com/Windy Catto');
insert into Announcement (URL, content, image, number_of_likes, URLchannel) values ('bdadtube.com/announc/5252532', 'Suspendisse potenti. Cras in purus eu magna vulputate luctus. Cum sociis natoque penatibus et magnis dis parturient montes, nascetur ridiculus mus. Vivamus vestibulum sagittis sapien.', null, 6, 'www.bdadtube.com/Richy Papaminas');
insert into Announcement (URL, content, image, number_of_likes, URLchannel) values ('bdadtube.com/announc/6252513', null, 'dummyimage.com/151x195.bmp/ff4444/ffffff', 16, 'www.bdadtube.com/Guido Shanks');
insert into Announcement (URL, content, image, number_of_likes, URLchannel) values ('bdadtube.com/announc/6252514', null, 'dummyimage.com/127x131.bmp/cc0000/ffffff', 14, 'www.bdadtube.com/Guido Shanks');
insert into Announcement (URL, content, image, number_of_likes, URLchannel) values ('bdadtube.com/announc/6252515', null, 'dummyimage.com/126x125.jpg/dddddd/000000', 30, 'www.bdadtube.com/Dani Rivalant');
insert into Announcement (URL, content, image, number_of_likes, URLchannel) values ('bdadtube.com/announc/6252516', null, 'dummyimage.com/200x121.png/cc0000/ffffff', 27, 'www.bdadtube.com/Eva Murname');
insert into Announcement (URL, content, image, number_of_likes, URLchannel) values ('bdadtube.com/announc/6252517', null, 'dummyimage.com/226x108.jpg/dddddd/000000', 26, 'www.bdadtube.com/Lucien Bourley');
insert into Announcement (URL, content, image, number_of_likes, URLchannel) values ('bdadtube.com/announc/6252518', null, 'dummyimage.com/162x147.png/5fa2dd/ffffff', 16, 'www.bdadtube.com/Dennis Quarton');
insert into Announcement (URL, content, image, number_of_likes, URLchannel) values ('bdadtube.com/announc/6252519', null, 'dummyimage.com/103x223.png/ff4444/ffffff', 27, 'www.bdadtube.com/Monika Gerner');
insert into Announcement (URL, content, image, number_of_likes, URLchannel) values ('bdadtube.com/announc/6252520', null, 'dummyimage.com/248x121.bmp/5fa2dd/ffffff', 1, 'www.bdadtube.com/Nisse Sheber');
insert into Announcement (URL, content, image, number_of_likes, URLchannel) values ('bdadtube.com/announc/6252521', null, 'dummyimage.com/176x123.jpg/5fa2dd/ffffff', 8, 'www.bdadtube.com/Fraser Banister');
insert into Announcement (URL, content, image, number_of_likes, URLchannel) values ('bdadtube.com/announc/6252522', null, 'dummyimage.com/111x187.png/5fa2dd/ffffff', 13, 'www.bdadtube.com/Melisse Divis');
insert into Announcement (URL, content, image, number_of_likes, URLchannel) values ('bdadtube.com/announc/6252523', null, 'dummyimage.com/234x140.bmp/cc0000/ffffff', 8, 'www.bdadtube.com/Nisse Sheber');
insert into Announcement (URL, content, image, number_of_likes, URLchannel) values ('bdadtube.com/announc/6252524', null, 'dummyimage.com/153x234.png/cc0000/ffffff', 0, 'www.bdadtube.com/Eva Murname');
insert into Announcement (URL, content, image, number_of_likes, URLchannel) values ('bdadtube.com/announc/6252525', null, 'dummyimage.com/105x222.jpg/ff4444/ffffff', 8, 'www.bdadtube.com/Dreddy Shimmans');
insert into Announcement (URL, content, image, number_of_likes, URLchannel) values ('bdadtube.com/announc/6252526', null, 'dummyimage.com/160x164.bmp/dddddd/000000', 20, 'www.bdadtube.com/Gardner Escot');
insert into Announcement (URL, content, image, number_of_likes, URLchannel) values ('bdadtube.com/announc/6252527', null, 'dummyimage.com/195x113.png/5fa2dd/ffffff', 20, 'www.bdadtube.com/Elke Bidewell');
insert into Announcement (URL, content, image, number_of_likes, URLchannel) values ('bdadtube.com/announc/6252528', null, 'dummyimage.com/110x180.png/cc0000/ffffff', 24, 'www.bdadtube.com/Eva Murname');
insert into Announcement (URL, content, image, number_of_likes, URLchannel) values ('bdadtube.com/announc/6252529', null, 'dummyimage.com/231x210.png/5fa2dd/ffffff', 11, 'www.bdadtube.com/Dell Murton');
insert into Announcement (URL, content, image, number_of_likes, URLchannel) values ('bdadtube.com/announc/6252530', null, 'dummyimage.com/111x217.jpg/5fa2dd/ffffff', 29, 'www.bdadtube.com/Kordula McGougan');
insert into Announcement (URL, content, image, number_of_likes, URLchannel) values ('bdadtube.com/announc/6252531', null, 'dummyimage.com/194x222.png/ff4444/ffffff', 22, 'www.bdadtube.com/Richy Papaminas');
insert into Announcement (URL, content, image, number_of_likes, URLchannel) values ('bdadtube.com/announc/6252532', null, 'dummyimage.com/112x230.jpg/dddddd/000000', 7, 'www.bdadtube.com/Domini Cantu');

--Upload

insert into Upload (date, URLchannel, URLvideo) values ('18.10.2016', 'www.bdadtube.com/Dulcy Hammond', 'bdadtube.com/watch/5263646');
insert into Upload (date, URLchannel, URLvideo) values ('05.02.2017', 'www.bdadtube.com/Domini Cantu', 'bdadtube.com/watch/5263647');
insert into Upload (date, URLchannel, URLvideo) values ('05.01.2018', 'www.bdadtube.com/Malissa Heiden', 'bdadtube.com/watch/5263648');
insert into Upload (date, URLchannel, URLvideo) values ('19.09.2019', 'www.bdadtube.com/Heall Toolan', 'bdadtube.com/watch/5263649');
insert into Upload (date, URLchannel, URLvideo) values ('02.02.2019', 'www.bdadtube.com/Windy Catto', 'bdadtube.com/watch/5263650');
insert into Upload (date, URLchannel, URLvideo) values ('25.01.2017', 'www.bdadtube.com/Guido Shanks', 'bdadtube.com/watch/5263651');
insert into Upload (date, URLchannel, URLvideo) values ('05.05.2017', 'www.bdadtube.com/Norean Olivello', 'bdadtube.com/watch/5263652');
insert into Upload (date, URLchannel, URLvideo) values ('02.06.2019', 'www.bdadtube.com/Fraser Banister', 'bdadtube.com/watch/5263653');
insert into Upload (date, URLchannel, URLvideo) values ('02.09.2019', 'www.bdadtube.com/Stacey Bowery', 'bdadtube.com/watch/5263654');
insert into Upload (date, URLchannel, URLvideo) values ('23.10.2018', 'www.bdadtube.com/Dudley Jellard', 'bdadtube.com/watch/5263655');
insert into Upload (date, URLchannel, URLvideo) values ('16.08.2017', 'www.bdadtube.com/Tabina Lummis', 'bdadtube.com/watch/5263656');
insert into Upload (date, URLchannel, URLvideo) values ('01.08.2018', 'www.bdadtube.com/Briana Gomery', 'bdadtube.com/watch/5263657');
insert into Upload (date, URLchannel, URLvideo) values ('04.05.2016', 'www.bdadtube.com/Ewart McNeice', 'bdadtube.com/watch/5263658');
insert into Upload (date, URLchannel, URLvideo) values ('16.10.2016', 'www.bdadtube.com/Domini Cantu', 'bdadtube.com/watch/5263659');
insert into Upload (date, URLchannel, URLvideo) values ('08.08.2018', 'www.bdadtube.com/Wallie Folder', 'bdadtube.com/watch/5263660');
insert into Upload (date, URLchannel, URLvideo) values ('28.12.2016', 'www.bdadtube.com/Shirleen Adamsen', 'bdadtube.com/watch/5263661');
insert into Upload (date, URLchannel, URLvideo) values ('24.05.2018', 'www.bdadtube.com/Bethanne Bundock', 'bdadtube.com/watch/5263662');
insert into Upload (date, URLchannel, URLvideo) values ('11.05.2016', 'www.bdadtube.com/Lucien Bourley', 'bdadtube.com/watch/5263663');
insert into Upload (date, URLchannel, URLvideo) values ('11.04.2018', 'www.bdadtube.com/Fraser Banister', 'bdadtube.com/watch/5263664');
insert into Upload (date, URLchannel, URLvideo) values ('10.12.2019', 'www.bdadtube.com/Bethanne Bundock', 'bdadtube.com/watch/5263665');
insert into Upload (date, URLchannel, URLvideo) values ('13.08.2019', 'www.bdadtube.com/Fremont Selland', 'bdadtube.com/watch/5263666');
insert into Upload (date, URLchannel, URLvideo) values ('22.06.2019', 'www.bdadtube.com/Richy Papaminas', 'bdadtube.com/watch/5263667');
insert into Upload (date, URLchannel, URLvideo) values ('17.05.2017', 'www.bdadtube.com/Bethanne Bundock', 'bdadtube.com/watch/5263668');
insert into Upload (date, URLchannel, URLvideo) values ('03.09.2019', 'www.bdadtube.com/Jehu Palethorpe', 'bdadtube.com/watch/5263669');
insert into Upload (date, URLchannel, URLvideo) values ('12.12.2018', 'www.bdadtube.com/Selene Cluff', 'bdadtube.com/watch/5263670');
insert into Upload (date, URLchannel, URLvideo) values ('12.04.2018', 'www.bdadtube.com/Jehu Palethorpe', 'bdadtube.com/watch/5263671');
insert into Upload (date, URLchannel, URLvideo) values ('15.07.2019', 'www.bdadtube.com/Rose Bourdis', 'bdadtube.com/watch/5263672');
insert into Upload (date, URLchannel, URLvideo) values ('12.05.2019', 'www.bdadtube.com/Dennis Quarton', 'bdadtube.com/watch/5263673');
insert into Upload (date, URLchannel, URLvideo) values ('19.01.2018', 'www.bdadtube.com/Briana Gomery', 'bdadtube.com/watch/5263674');
insert into Upload (date, URLchannel, URLvideo) values ('14.02.2017', 'www.bdadtube.com/Dawna Checkley', 'bdadtube.com/watch/5263675');
insert into Upload (date, URLchannel, URLvideo) values ('25.09.2019', 'www.bdadtube.com/Dennis Quarton', 'bdadtube.com/watch/5263676');
insert into Upload (date, URLchannel, URLvideo) values ('11.03.2017', 'www.bdadtube.com/Yehudi Issard', 'bdadtube.com/watch/5263677');
insert into Upload (date, URLchannel, URLvideo) values ('12.02.2019', 'www.bdadtube.com/Fraser Banister', 'bdadtube.com/watch/5263678');
insert into Upload (date, URLchannel, URLvideo) values ('02.06.2019', 'www.bdadtube.com/Gabriel Lingner', 'bdadtube.com/watch/5263679');
insert into Upload (date, URLchannel, URLvideo) values ('20.05.2017', 'www.bdadtube.com/Heall Toolan', 'bdadtube.com/watch/5263680');
insert into Upload (date, URLchannel, URLvideo) values ('18.08.2017', 'www.bdadtube.com/Dulcy Hammond', 'bdadtube.com/watch/5263681');
insert into Upload (date, URLchannel, URLvideo) values ('24.12.2016', 'www.bdadtube.com/Tabina Lummis', 'bdadtube.com/watch/5263682');
insert into Upload (date, URLchannel, URLvideo) values ('25.09.2017', 'www.bdadtube.com/Dennis Quarton', 'bdadtube.com/watch/5263683');
insert into Upload (date, URLchannel, URLvideo) values ('02.10.2019', 'www.bdadtube.com/Merell Raywood', 'bdadtube.com/watch/5263684');
insert into Upload (date, URLchannel, URLvideo) values ('02.12.2018', 'www.bdadtube.com/Malissa Heiden', 'bdadtube.com/watch/5263685');
insert into Upload (date, URLchannel, URLvideo) values ('10.06.2019', 'www.bdadtube.com/Nisse Sheber', 'bdadtube.com/watch/5263686');
insert into Upload (date, URLchannel, URLvideo) values ('07.10.2016', 'www.bdadtube.com/Malissa Heiden', 'bdadtube.com/watch/5263687');
insert into Upload (date, URLchannel, URLvideo) values ('20.12.2019', 'www.bdadtube.com/Rose Bourdis', 'bdadtube.com/watch/5263688');
insert into Upload (date, URLchannel, URLvideo) values ('08.10.2017', 'www.bdadtube.com/Dreddy Shimmans', 'bdadtube.com/watch/5263689');
insert into Upload (date, URLchannel, URLvideo) values ('11.11.2018', 'www.bdadtube.com/Ewart McNeice', 'bdadtube.com/watch/5263690');
insert into Upload (date, URLchannel, URLvideo) values ('29.02.2020', 'www.bdadtube.com/Yehudi Issard', 'bdadtube.com/watch/5263691');
insert into Upload (date, URLchannel, URLvideo) values ('02.03.2020', 'www.bdadtube.com/Rozanne Hewlings', 'bdadtube.com/watch/5263692');
insert into Upload (date, URLchannel, URLvideo) values ('10.05.2018', 'www.bdadtube.com/Windy Catto', 'bdadtube.com/watch/5263693');
insert into Upload (date, URLchannel, URLvideo) values ('22.05.2019', 'www.bdadtube.com/Rozanne Hewlings', 'bdadtube.com/watch/5263694');
insert into Upload (date, URLchannel, URLvideo) values ('08.06.2017', 'www.bdadtube.com/Windy Catto', 'bdadtube.com/watch/5263695');
insert into Upload (date, URLchannel, URLvideo) values ('02.12.2016', 'www.bdadtube.com/Melisse Divis', 'bdadtube.com/watch/5263696');
insert into Upload (date, URLchannel, URLvideo) values ('19.10.2017', 'www.bdadtube.com/Fraser Banister', 'bdadtube.com/watch/5263697');
insert into Upload (date, URLchannel, URLvideo) values ('22.05.2017', 'www.bdadtube.com/Selene Cluff', 'bdadtube.com/watch/5263698');
insert into Upload (date, URLchannel, URLvideo) values ('20.11.2019', 'www.bdadtube.com/Evin Newlyn', 'bdadtube.com/watch/5263699');
insert into Upload (date, URLchannel, URLvideo) values ('14.10.2019', 'www.bdadtube.com/Dudley Jellard', 'bdadtube.com/watch/5263700');
insert into Upload (date, URLchannel, URLvideo) values ('27.02.2018', 'www.bdadtube.com/Dawna Checkley', 'bdadtube.com/watch/5263701');
insert into Upload (date, URLchannel, URLvideo) values ('13.02.2019', 'www.bdadtube.com/Merell Raywood', 'bdadtube.com/watch/5263702');
insert into Upload (date, URLchannel, URLvideo) values ('18.07.2019', 'www.bdadtube.com/Windy Catto', 'bdadtube.com/watch/5263703');
insert into Upload (date, URLchannel, URLvideo) values ('15.05.2019', 'www.bdadtube.com/Shirleen Adamsen', 'bdadtube.com/watch/5263704');
insert into Upload (date, URLchannel, URLvideo) values ('12.08.2016', 'www.bdadtube.com/Dell Murton', 'bdadtube.com/watch/5263705');
insert into Upload (date, URLchannel, URLvideo) values ('09.09.2017', 'www.bdadtube.com/Merell Raywood', 'bdadtube.com/watch/5263706');
insert into Upload (date, URLchannel, URLvideo) values ('09.10.2016', 'www.bdadtube.com/Melisse Divis', 'bdadtube.com/watch/5263707');
insert into Upload (date, URLchannel, URLvideo) values ('01.08.2017', 'www.bdadtube.com/Rozanne Hewlings', 'bdadtube.com/watch/5263708');
insert into Upload (date, URLchannel, URLvideo) values ('20.05.2017', 'www.bdadtube.com/Dell Murton', 'bdadtube.com/watch/5263709');
insert into Upload (date, URLchannel, URLvideo) values ('20.01.2018', 'www.bdadtube.com/Melisse Divis', 'bdadtube.com/watch/5263710');
insert into Upload (date, URLchannel, URLvideo) values ('26.02.2019', 'www.bdadtube.com/Danna Storror', 'bdadtube.com/watch/5263711');
insert into Upload (date, URLchannel, URLvideo) values ('07.09.2016', 'www.bdadtube.com/Rozanne Hewlings', 'bdadtube.com/watch/5263712');
insert into Upload (date, URLchannel, URLvideo) values ('15.11.2019', 'www.bdadtube.com/Tabina Lummis', 'bdadtube.com/watch/5263713');
insert into Upload (date, URLchannel, URLvideo) values ('15.12.2017', 'www.bdadtube.com/Ewart McNeice', 'bdadtube.com/watch/5263714');
insert into Upload (date, URLchannel, URLvideo) values ('04.03.2020', 'www.bdadtube.com/Melisse Divis', 'bdadtube.com/watch/5263715');
insert into Upload (date, URLchannel, URLvideo) values ('25.05.2019', 'www.bdadtube.com/Heall Toolan', 'bdadtube.com/watch/5263716');
insert into Upload (date, URLchannel, URLvideo) values ('31.12.2016', 'www.bdadtube.com/Shirleen Adamsen', 'bdadtube.com/watch/5263717');
insert into Upload (date, URLchannel, URLvideo) values ('19.01.2019', 'www.bdadtube.com/Dell Murton', 'bdadtube.com/watch/5263718');
insert into Upload (date, URLchannel, URLvideo) values ('25.03.2019', 'www.bdadtube.com/Jerry Breitler', 'bdadtube.com/watch/5263719');
insert into Upload (date, URLchannel, URLvideo) values ('06.11.2018', 'www.bdadtube.com/Wileen Marien', 'bdadtube.com/watch/5263720');
insert into Upload (date, URLchannel, URLvideo) values ('24.08.2018', 'www.bdadtube.com/Wallie Folder', 'bdadtube.com/watch/5263721');
insert into Upload (date, URLchannel, URLvideo) values ('11.09.2016', 'www.bdadtube.com/Fremont Selland', 'bdadtube.com/watch/5263722');
insert into Upload (date, URLchannel, URLvideo) values ('26.04.2016', 'www.bdadtube.com/Lucien Bourley', 'bdadtube.com/watch/5263723');
insert into Upload (date, URLchannel, URLvideo) values ('03.06.2017', 'www.bdadtube.com/Dudley Jellard', 'bdadtube.com/watch/5263724');
insert into Upload (date, URLchannel, URLvideo) values ('17.09.2019', 'www.bdadtube.com/Danna Storror', 'bdadtube.com/watch/5263725');


--Data : Comment

insert into Comment (idComment, idUser, content, number_of_likes, number_of_dislikes, URLAnnouncement, URLvideo) values (1, 5, 'Pellentesque viverra pede ac diam.', 22, 18, null, 'bdadtube.com/watch/5263668');
insert into Comment (idComment, idUser, content, number_of_likes, number_of_dislikes, URLAnnouncement, URLvideo) values (2, 12, 'Vestibulum ante ipsum primis in faucibus orci luctus et ultrices posuere cubilia Curae; Duis faucibus accumsan odio.', 28, 29, null, 'bdadtube.com/watch/5263668');
insert into Comment (idComment, idUser, content, number_of_likes, number_of_dislikes, URLAnnouncement, URLvideo) values (3, 28, 'In quis justo.', 7, 22, null, 'bdadtube.com/watch/5263668');
insert into Comment (idComment, idUser, content, number_of_likes, number_of_dislikes, URLAnnouncement, URLvideo) values (4, 27, 'Integer ac leo.', 17, 19, null, 'bdadtube.com/watch/5263668');
insert into Comment (idComment, idUser, content, number_of_likes, number_of_dislikes, URLAnnouncement, URLvideo) values (5, 10, 'Integer a nibh.', 46, 35, null, 'bdadtube.com/watch/5263668');
insert into Comment (idComment, idUser, content, number_of_likes, number_of_dislikes, URLAnnouncement, URLvideo) values (6, 2, 'Quisque porta volutpat erat.', 3, 44, null, 'bdadtube.com/watch/5263668');
insert into Comment (idComment, idUser, content, number_of_likes, number_of_dislikes, URLAnnouncement, URLvideo) values (7, 3, 'Integer tincidunt ante vel ipsum.', 25, 0, null, 'bdadtube.com/watch/5263668');
insert into Comment (idComment, idUser, content, number_of_likes, number_of_dislikes, URLAnnouncement, URLvideo) values (8, 37, 'Nullam varius.', 48, 25, null, 'bdadtube.com/watch/5263690');
insert into Comment (idComment, idUser, content, number_of_likes, number_of_dislikes, URLAnnouncement, URLvideo) values (9, 8, 'Donec diam neque, vestibulum eget, vulputate ut, ultrices vel, augue.', 21, 30, null, 'bdadtube.com/watch/5263668');
insert into Comment (idComment, idUser, content, number_of_likes, number_of_dislikes, URLAnnouncement, URLvideo) values (10, 44, 'Morbi a ipsum.', 38, 7, null, 'bdadtube.com/watch/5263668');
insert into Comment (idComment, idUser, content, number_of_likes, number_of_dislikes, URLAnnouncement, URLvideo) values (11, 35, 'Donec diam neque, vestibulum eget, vulputate ut, ultrices vel, augue.', 33, 47, null, 'bdadtube.com/watch/5263668');
insert into Comment (idComment, idUser, content, number_of_likes, number_of_dislikes, URLAnnouncement, URLvideo) values (12, 50, 'Pellentesque at nulla.', 34, 32, null, 'bdadtube.com/watch/5263668');
insert into Comment (idComment, idUser, content, number_of_likes, number_of_dislikes, URLAnnouncement, URLvideo) values (13, 16, 'Nulla tempus.', 20, 36, null, 'bdadtube.com/watch/5263668');
insert into Comment (idComment, idUser, content, number_of_likes, number_of_dislikes, URLAnnouncement, URLvideo) values (14, 32, 'Nullam varius.', 23, 16, null, 'bdadtube.com/watch/5263663');
insert into Comment (idComment, idUser, content, number_of_likes, number_of_dislikes, URLAnnouncement, URLvideo) values (15, 46, 'Duis bibendum, felis sed interdum venenatis, turpis enim blandit mi, in porttitor pede justo eu massa.', 43, 26, null, 'bdadtube.com/watch/5263680');
insert into Comment (idComment, idUser, content, number_of_likes, number_of_dislikes, URLAnnouncement, URLvideo) values (16, 47, 'Cras mi pede, malesuada in, imperdiet et, commodo vulputate, justo.', 0, 15, null, 'bdadtube.com/watch/5263717');
insert into Comment (idComment, idUser, content, number_of_likes, number_of_dislikes, URLAnnouncement, URLvideo) values (17, 9, 'Etiam faucibus cursus urna.', 4, 35, null, 'bdadtube.com/watch/5263691');
insert into Comment (idComment, idUser, content, number_of_likes, number_of_dislikes, URLAnnouncement, URLvideo) values (18, 47, 'Vestibulum sed magna at nunc commodo placerat.', 22, 13, null, 'bdadtube.com/watch/5263662');
insert into Comment (idComment, idUser, content, number_of_likes, number_of_dislikes, URLAnnouncement, URLvideo) values (19, 49, 'Curabitur in libero ut massa volutpat convallis.', 33, 17, null, 'bdadtube.com/watch/5263704');
insert into Comment (idComment, idUser, content, number_of_likes, number_of_dislikes, URLAnnouncement, URLvideo) values (20, 45, 'Vivamus metus arcu, adipiscing molestie, hendrerit at, vulputate vitae, nisl.', 1, 46, null, 'bdadtube.com/watch/5263649');
insert into Comment (idComment, idUser, content, number_of_likes, number_of_dislikes, URLAnnouncement, URLvideo) values (21, 4, 'Aliquam augue quam, sollicitudin vitae, consectetuer eget, rutrum at, lorem.', 0, 28, null, 'bdadtube.com/watch/5263683');
insert into Comment (idComment, idUser, content, number_of_likes, number_of_dislikes, URLAnnouncement, URLvideo) values (22, 39, 'Quisque porta volutpat erat.', 34, 12, null, 'bdadtube.com/watch/5263715');
insert into Comment (idComment, idUser, content, number_of_likes, number_of_dislikes, URLAnnouncement, URLvideo) values (23, 24, 'Curabitur at ipsum ac tellus semper interdum.', 39, 1, null, 'bdadtube.com/watch/5263677');
insert into Comment (idComment, idUser, content, number_of_likes, number_of_dislikes, URLAnnouncement, URLvideo) values (24, 31, 'In hac habitasse platea dictumst.', 9, 15, null, 'bdadtube.com/watch/5263721');
insert into Comment (idComment, idUser, content, number_of_likes, number_of_dislikes, URLAnnouncement, URLvideo) values (25, 16, 'Nam tristique tortor eu pede.', 28, 48, null, 'bdadtube.com/watch/5263692');
insert into Comment (idComment, idUser, content, number_of_likes, number_of_dislikes, URLAnnouncement, URLvideo) values (26, 37, 'Maecenas tristique, est et tempus semper, est quam pharetra magna, ac consequat metus sapien ut nunc.', 21, 11, null, 'bdadtube.com/watch/5263649');
insert into Comment (idComment, idUser, content, number_of_likes, number_of_dislikes, URLAnnouncement, URLvideo) values (27, 14, 'Suspendisse accumsan tortor quis turpis.', 11, 32, null, 'bdadtube.com/watch/5263720');
insert into Comment (idComment, idUser, content, number_of_likes, number_of_dislikes, URLAnnouncement, URLvideo) values (28, 45, 'Donec diam neque, vestibulum eget, vulputate ut, ultrices vel, augue.', 24, 19, null, 'bdadtube.com/watch/5263675');
insert into Comment (idComment, idUser, content, number_of_likes, number_of_dislikes, URLAnnouncement, URLvideo) values (29, 30, 'Integer pede justo, lacinia eget, tincidunt eget, tempus vel, pede.', 22, 49, null, 'bdadtube.com/watch/5263670');
insert into Comment (idComment, idUser, content, number_of_likes, number_of_dislikes, URLAnnouncement, URLvideo) values (30, 2, 'Fusce congue, diam id ornare imperdiet, sapien urna pretium nisl, ut volutpat sapien arcu sed augue.', 10, 41, null, 'bdadtube.com/watch/5263688');
insert into Comment (idComment, idUser, content, number_of_likes, number_of_dislikes, URLAnnouncement, URLvideo) values (31, 29, 'Ut at dolor quis odio consequat varius.', 33, 28, 'bdadtube.com/announc/5252514', null);
insert into Comment (idComment, idUser, content, number_of_likes, number_of_dislikes, URLAnnouncement, URLvideo) values (32, 38, 'Integer tincidunt ante vel ipsum.', 32, 42, 'bdadtube.com/announc/5252514', null);
insert into Comment (idComment, idUser, content, number_of_likes, number_of_dislikes, URLAnnouncement, URLvideo) values (33, 2, 'Integer ac leo.', 9, 26, 'bdadtube.com/announc/5252531', null);
insert into Comment (idComment, idUser, content, number_of_likes, number_of_dislikes, URLAnnouncement, URLvideo) values (34, 26, 'Suspendisse ornare consequat lectus.', 8, 22, 'bdadtube.com/announc/5252517', null);
insert into Comment (idComment, idUser, content, number_of_likes, number_of_dislikes, URLAnnouncement, URLvideo) values (35, 40, 'Donec ut dolor.', 35, 19, 'bdadtube.com/announc/5252520', null);
insert into Comment (idComment, idUser, content, number_of_likes, number_of_dislikes, URLAnnouncement, URLvideo) values (36, 6, 'Vestibulum quam sapien, varius ut, blandit non, interdum in, ante.', 1, 42, 'bdadtube.com/announc/5252526', null);
insert into Comment (idComment, idUser, content, number_of_likes, number_of_dislikes, URLAnnouncement, URLvideo) values (37, 18, 'Fusce posuere felis sed lacus.', 47, 33, 'bdadtube.com/announc/5252515', null);
insert into Comment (idComment, idUser, content, number_of_likes, number_of_dislikes, URLAnnouncement, URLvideo) values (38, 45, 'Aenean lectus.', 6, 20, 'bdadtube.com/announc/5252529', null);
insert into Comment (idComment, idUser, content, number_of_likes, number_of_dislikes, URLAnnouncement, URLvideo) values (39, 44, 'Morbi non quam nec dui luctus rutrum.', 15, 32, 'bdadtube.com/announc/5252517', null);
insert into Comment (idComment, idUser, content, number_of_likes, number_of_dislikes, URLAnnouncement, URLvideo) values (40, 6, 'Donec semper sapien a libero.', 33, 40, 'bdadtube.com/announc/5252529', null);
insert into Comment (idComment, idUser, content, number_of_likes, number_of_dislikes, URLAnnouncement, URLvideo) values (41, 38, 'Quisque id justo sit amet sapien dignissim vestibulum.', 36, 14, 'bdadtube.com/announc/6252525', null);
insert into Comment (idComment, idUser, content, number_of_likes, number_of_dislikes, URLAnnouncement, URLvideo) values (42, 13, 'Cum sociis natoque penatibus et magnis dis parturient montes, nascetur ridiculus mus.', 37, 14, 'bdadtube.com/announc/6252532', null);
insert into Comment (idComment, idUser, content, number_of_likes, number_of_dislikes, URLAnnouncement, URLvideo) values (43, 24, 'Integer pede justo, lacinia eget, tincidunt eget, tempus vel, pede.', 21, 28, 'bdadtube.com/announc/6252531', null);
insert into Comment (idComment, idUser, content, number_of_likes, number_of_dislikes, URLAnnouncement, URLvideo) values (44, 37, 'Cum sociis natoque penatibus et magnis dis parturient montes, nascetur ridiculus mus.', 48, 49, 'bdadtube.com/announc/6252514', null);
insert into Comment (idComment, idUser, content, number_of_likes, number_of_dislikes, URLAnnouncement, URLvideo) values (45, 9, 'Donec odio justo, sollicitudin ut, suscipit a, feugiat et, eros.', 41, 29, 'bdadtube.com/announc/6252520', null);
insert into Comment (idComment, idUser, content, number_of_likes, number_of_dislikes, URLAnnouncement, URLvideo) values (46, 5, 'Fusce congue, diam id ornare imperdiet, sapien urna pretium nisl, ut volutpat sapien arcu sed augue.', 1, 14, 'bdadtube.com/announc/6252527', null);
insert into Comment (idComment, idUser, content, number_of_likes, number_of_dislikes, URLAnnouncement, URLvideo) values (47, 31, 'Nullam porttitor lacus at turpis.', 38, 49, 'bdadtube.com/announc/6252521', null);
insert into Comment (idComment, idUser, content, number_of_likes, number_of_dislikes, URLAnnouncement, URLvideo) values (48, 49, 'Aenean lectus.', 3, 50, 'bdadtube.com/announc/6252523', null);
insert into Comment (idComment, idUser, content, number_of_likes, number_of_dislikes, URLAnnouncement, URLvideo) values (49, 32, 'Nulla tempus.', 47, 41, 'bdadtube.com/announc/6252525', null);
insert into Comment (idComment, idUser, content, number_of_likes, number_of_dislikes, URLAnnouncement, URLvideo) values (50, 28, 'Praesent id massa id nisl venenatis lacinia.', 3, 7, 'bdadtube.com/announc/6252519', null);

--Data : Replies


insert into Replies (idReply, idMainComment) values (3, 11);
insert into Replies (idReply, idMainComment) values (2, 3);
insert into Replies (idReply, idMainComment) values (10, 13);
insert into Replies (idReply, idMainComment) values (4, 3);
insert into Replies (idReply, idMainComment) values (1, 13);
insert into Replies (idReply, idMainComment) values (11, 4);
insert into Replies (idReply, idMainComment) values (12, 5);
insert into Replies (idReply, idMainComment) values (2, 1);
insert into Replies (idReply, idMainComment) values (11, 8);
insert into Replies (idReply, idMainComment) values (5, 12);


--Data : Commented

insert into Commented (date, commentID, userId) values ('18.04.2018', 1, 20);
insert into Commented (date, commentID, userId) values ('18.03.2020', 2, 11);
insert into Commented (date, commentID, userId) values ('19.02.2019', 3, 7);
insert into Commented (date, commentID, userId) values ('11.07.2018', 4, 23);
insert into Commented (date, commentID, userId) values ('15.05.2019', 5, 39);
insert into Commented (date, commentID, userId) values ('28.11.2019', 6, 37);
insert into Commented (date, commentID, userId) values ('17.04.2017', 7, 31);
insert into Commented (date, commentID, userId) values ('25.03.2018', 8, 33);
insert into Commented (date, commentID, userId) values ('11.10.2016', 9, 25);
insert into Commented (date, commentID, userId) values ('19.11.2017', 10, 8);
insert into Commented (date, commentID, userId) values ('14.11.2019', 11, 48);
insert into Commented (date, commentID, userId) values ('24.03.2018', 12, 19);
insert into Commented (date, commentID, userId) values ('25.06.2017', 13, 46);
insert into Commented (date, commentID, userId) values ('24.08.2016', 14, 36);


--Data : AnnouncementUpload

insert into AnnouncementUpload (date, URLchannel, URLAnnouncement) values ('06/04/2019', 'www.bdadtube.com/Ewart McNeice', 'bdadtube.com/announc/5252513');
insert into AnnouncementUpload (date, URLchannel, URLAnnouncement) values ('28/09/2016', 'www.bdadtube.com/Ewart McNeice', 'bdadtube.com/announc/5252514');
insert into AnnouncementUpload (date, URLchannel, URLAnnouncement) values ('23/01/2018', 'www.bdadtube.com/Jehu Palethorpe', 'bdadtube.com/announc/5252515');
insert into AnnouncementUpload (date, URLchannel, URLAnnouncement) values ('14/11/2016', 'www.bdadtube.com/Stacey Bowery', 'bdadtube.com/announc/5252516');
insert into AnnouncementUpload (date, URLchannel, URLAnnouncement) values ('14/06/2019', 'www.bdadtube.com/Kordula McGougan', 'bdadtube.com/announc/5252517');
insert into AnnouncementUpload (date, URLchannel, URLAnnouncement) values ('20/04/2019', 'www.bdadtube.com/Rozanne Hewlings', 'bdadtube.com/announc/5252518');
insert into AnnouncementUpload (date, URLchannel, URLAnnouncement) values ('13/02/2019', 'www.bdadtube.com/Tabina Lummis', 'bdadtube.com/announc/5252519');
insert into AnnouncementUpload (date, URLchannel, URLAnnouncement) values ('10/03/2020', 'www.bdadtube.com/Fraser Banister', 'bdadtube.com/announc/5252520');
insert into AnnouncementUpload (date, URLchannel, URLAnnouncement) values ('21/10/2019', 'www.bdadtube.com/Dreddy Shimmans', 'bdadtube.com/announc/5252521');
insert into AnnouncementUpload (date, URLchannel, URLAnnouncement) values ('02/01/2019', 'www.bdadtube.com/Tabina Lummis', 'bdadtube.com/announc/5252522');
insert into AnnouncementUpload (date, URLchannel, URLAnnouncement) values ('07/04/2017', 'www.bdadtube.com/Gardner Escot', 'bdadtube.com/announc/5252523');
insert into AnnouncementUpload (date, URLchannel, URLAnnouncement) values ('02/03/2019', 'www.bdadtube.com/Arabele Cricket', 'bdadtube.com/announc/5252524');
insert into AnnouncementUpload (date, URLchannel, URLAnnouncement) values ('01/07/2017', 'www.bdadtube.com/Jehu Palethorpe', 'bdadtube.com/announc/5252525');
insert into AnnouncementUpload (date, URLchannel, URLAnnouncement) values ('15/02/2018', 'www.bdadtube.com/Guido Shanks', 'bdadtube.com/announc/5252526');
insert into AnnouncementUpload (date, URLchannel, URLAnnouncement) values ('03/06/2018', 'www.bdadtube.com/Guido Shanks', 'bdadtube.com/announc/5252527');
insert into AnnouncementUpload (date, URLchannel, URLAnnouncement) values ('25/07/2017', 'www.bdadtube.com/Gardner Escot', 'bdadtube.com/announc/5252528');
insert into AnnouncementUpload (date, URLchannel, URLAnnouncement) values ('11/08/2018', 'www.bdadtube.com/Jacob Guidoni', 'bdadtube.com/announc/5252529');
insert into AnnouncementUpload (date, URLchannel, URLAnnouncement) values ('11/11/2019', 'www.bdadtube.com/Arabele Cricket', 'bdadtube.com/announc/5252530');
insert into AnnouncementUpload (date, URLchannel, URLAnnouncement) values ('14/08/2019', 'www.bdadtube.com/Dawna Checkley', 'bdadtube.com/announc/5252531');
insert into AnnouncementUpload (date, URLchannel, URLAnnouncement) values ('02/01/2020', 'www.bdadtube.com/Aloise Swains', 'bdadtube.com/announc/5252532');

insert into AnnouncementUpload (date, URLchannel, URLAnnouncement) values ('13/07/2017', 'www.bdadtube.com/Rozanne Hewlings', 'bdadtube.com/announc/6252513');
insert into AnnouncementUpload (date, URLchannel, URLAnnouncement) values ('25/07/2017', 'www.bdadtube.com/Ewart McNeice', 'bdadtube.com/announc/6252514');
insert into AnnouncementUpload (date, URLchannel, URLAnnouncement) values ('27/09/2018', 'www.bdadtube.com/Fraser Banister', 'bdadtube.com/announc/6252515');
insert into AnnouncementUpload (date, URLchannel, URLAnnouncement) values ('26/09/2016', 'www.bdadtube.com/Dawna Checkley', 'bdadtube.com/announc/6252516');
insert into AnnouncementUpload (date, URLchannel, URLAnnouncement) values ('16/05/2016', 'www.bdadtube.com/Dorothea Storrie', 'bdadtube.com/announc/6252517');
insert into AnnouncementUpload (date, URLchannel, URLAnnouncement) values ('15/05/2017', 'www.bdadtube.com/Dudley Jellard', 'bdadtube.com/announc/6252518');
insert into AnnouncementUpload (date, URLchannel, URLAnnouncement) values ('24/02/2019', 'www.bdadtube.com/Fremont Selland', 'bdadtube.com/announc/6252519');
insert into AnnouncementUpload (date, URLchannel, URLAnnouncement) values ('11/04/2016', 'www.bdadtube.com/Jacob Guidoni', 'bdadtube.com/announc/6252520');
insert into AnnouncementUpload (date, URLchannel, URLAnnouncement) values ('10/08/2019', 'www.bdadtube.com/Dani Rivalant', 'bdadtube.com/announc/6252521');
insert into AnnouncementUpload (date, URLchannel, URLAnnouncement) values ('05/01/2019', 'www.bdadtube.com/Selene Cluff', 'bdadtube.com/announc/6252522');
insert into AnnouncementUpload (date, URLchannel, URLAnnouncement) values ('14/06/2019', 'www.bdadtube.com/Jacob Guidoni', 'bdadtube.com/announc/6252523');
insert into AnnouncementUpload (date, URLchannel, URLAnnouncement) values ('26/07/2016', 'www.bdadtube.com/Dorothea Storrie', 'bdadtube.com/announc/6252524');
insert into AnnouncementUpload (date, URLchannel, URLAnnouncement) values ('31/01/2017', 'www.bdadtube.com/Dani Rivalant', 'bdadtube.com/announc/6252525');
insert into AnnouncementUpload (date, URLchannel, URLAnnouncement) values ('17/10/2016', 'www.bdadtube.com/Dreddy Shimmans', 'bdadtube.com/announc/6252526');
insert into AnnouncementUpload (date, URLchannel, URLAnnouncement) values ('20/05/2018', 'www.bdadtube.com/Evin Newlyn', 'bdadtube.com/announc/6252527');
insert into AnnouncementUpload (date, URLchannel, URLAnnouncement) values ('25/05/2018', 'www.bdadtube.com/Domini Cantu', 'bdadtube.com/announc/6252528');
insert into AnnouncementUpload (date, URLchannel, URLAnnouncement) values ('25/06/2017', 'www.bdadtube.com/Gwenore Beinisch', 'bdadtube.com/announc/6252529');
insert into AnnouncementUpload (date, URLchannel, URLAnnouncement) values ('25/11/2018', 'www.bdadtube.com/Chrisse McTear', 'bdadtube.com/announc/6252530');
insert into AnnouncementUpload (date, URLchannel, URLAnnouncement) values ('18/04/2018', 'www.bdadtube.com/Elke Bidewell', 'bdadtube.com/announc/6252531');
insert into AnnouncementUpload (date, URLchannel, URLAnnouncement) values ('23/12/2019', 'www.bdadtube.com/Norean Olivello', 'bdadtube.com/announc/6252532');
